mode: set
github.com/innovative-io/io-dicom/codecs/jpegxl/codec.go:39.41,41.2 1 1
github.com/innovative-io/io-dicom/codecs/jpegxl/codec.go:43.66,45.2 1 0
github.com/innovative-io/io-dicom/codecs/jpegxl/codec.go:47.60,49.2 1 1
github.com/innovative-io/io-dicom/codecs/jpegxl/codec.go:51.110,55.2 3 1
github.com/innovative-io/io-dicom/codecs/jpegxl/codec.go:57.41,57.72 1 1
github.com/innovative-io/io-dicom/codecs/jpegxl/codec.go:59.13,62.2 2 1
github.com/innovative-io/io-dicom/codecs/jpegxl/codec.go:65.34,66.20 1 1
github.com/innovative-io/io-dicom/codecs/jpegxl/codec.go:66.20,69.3 2 1
github.com/innovative-io/io-dicom/codecs/jpegxl/codec.go:70.2,70.18 1 1
github.com/innovative-io/io-dicom/codecs/jpegxl/codec.go:74.27,74.55 1 1
github.com/innovative-io/io-dicom/codecs/jpegxl/codec.go:77.65,77.103 1 1
github.com/innovative-io/io-dicom/codecs/jpegxl/codec.go:80.36,80.60 1 1
github.com/innovative-io/io-dicom/codecs/jpegxl/codec.go:83.35,83.61 1 1
github.com/innovative-io/io-dicom/codecs/jpegxl/codec.go:86.41,86.70 1 0
github.com/innovative-io/io-dicom/codecs/jpegxl/codec.go:88.30,88.53 1 1
github.com/innovative-io/io-dicom/codecs/jpegxl/codec.go:90.45,94.2 3 0
github.com/innovative-io/io-dicom/codecs/jpegxl/codec.go:96.82,98.53 2 1
github.com/innovative-io/io-dicom/codecs/jpegxl/codec.go:98.53,100.3 1 0
github.com/innovative-io/io-dicom/codecs/jpegxl/codec.go:101.2,101.40 1 1
github.com/innovative-io/io-dicom/codecs/jpegxl/codec.go:104.147,106.53 2 1
github.com/innovative-io/io-dicom/codecs/jpegxl/codec.go:106.53,108.3 1 0
github.com/innovative-io/io-dicom/codecs/jpegxl/codec.go:109.2,109.69 1 1
github.com/innovative-io/io-dicom/codecs/jpegxl/codec.go:112.73,114.2 1 1
github.com/innovative-io/io-dicom/codecs/jpegxl/codec.go:116.101,117.36 1 1
github.com/innovative-io/io-dicom/codecs/jpegxl/codec.go:117.36,119.3 1 1
github.com/innovative-io/io-dicom/codecs/jpegxl/codec.go:120.2,120.78 1 1
github.com/innovative-io/io-dicom/codecs/jpegxl/codec.go:120.78,122.3 1 0
github.com/innovative-io/io-dicom/codecs/jpegxl/codec.go:123.2,123.62 1 1
github.com/innovative-io/io-dicom/codecs/jpegxl/codec.go:126.143,128.2 1 1
github.com/innovative-io/io-dicom/codecs/jpegxl/codec.go:130.171,131.38 1 1
github.com/innovative-io/io-dicom/codecs/jpegxl/codec.go:131.38,133.3 1 1
github.com/innovative-io/io-dicom/codecs/jpegxl/codec.go:134.2,134.41 1 1
github.com/innovative-io/io-dicom/codecs/jpegxl/codec.go:134.41,136.3 1 0
github.com/innovative-io/io-dicom/codecs/jpegxl/codec.go:138.2,139.16 2 1
github.com/innovative-io/io-dicom/codecs/jpegxl/codec.go:139.16,141.3 1 0
github.com/innovative-io/io-dicom/codecs/jpegxl/codec.go:142.2,144.12 3 1
github.com/innovative-io/io-dicom/codecs/jpegxl/native_backends_default.go:7.32,8.2 0 1
github.com/innovative-io/io-dicom/codecs/jpeg2000/codec.go:43.41,45.2 1 1
github.com/innovative-io/io-dicom/codecs/jpeg2000/codec.go:47.66,49.2 1 0
github.com/innovative-io/io-dicom/codecs/jpeg2000/codec.go:51.60,53.2 1 1
github.com/innovative-io/io-dicom/codecs/jpeg2000/codec.go:55.109,59.2 3 1
github.com/innovative-io/io-dicom/codecs/jpeg2000/codec.go:61.41,61.72 1 1
github.com/innovative-io/io-dicom/codecs/jpeg2000/codec.go:63.13,66.2 2 1
github.com/innovative-io/io-dicom/codecs/jpeg2000/codec.go:69.34,70.20 1 1
github.com/innovative-io/io-dicom/codecs/jpeg2000/codec.go:70.20,73.3 2 1
github.com/innovative-io/io-dicom/codecs/jpeg2000/codec.go:74.2,74.18 1 1
github.com/innovative-io/io-dicom/codecs/jpeg2000/codec.go:78.27,78.55 1 1
github.com/innovative-io/io-dicom/codecs/jpeg2000/codec.go:81.65,81.103 1 1
github.com/innovative-io/io-dicom/codecs/jpeg2000/codec.go:84.36,84.60 1 1
github.com/innovative-io/io-dicom/codecs/jpeg2000/codec.go:87.35,87.61 1 1
github.com/innovative-io/io-dicom/codecs/jpeg2000/codec.go:90.41,90.70 1 0
github.com/innovative-io/io-dicom/codecs/jpeg2000/codec.go:92.30,92.53 1 1
github.com/innovative-io/io-dicom/codecs/jpeg2000/codec.go:94.45,98.2 3 0
github.com/innovative-io/io-dicom/codecs/jpeg2000/codec.go:100.82,102.53 2 1
github.com/innovative-io/io-dicom/codecs/jpeg2000/codec.go:102.53,104.3 1 0
github.com/innovative-io/io-dicom/codecs/jpeg2000/codec.go:105.2,105.40 1 1
github.com/innovative-io/io-dicom/codecs/jpeg2000/codec.go:108.143,110.53 2 1
github.com/innovative-io/io-dicom/codecs/jpeg2000/codec.go:110.53,112.3 1 0
github.com/innovative-io/io-dicom/codecs/jpeg2000/codec.go:113.2,113.66 1 1
github.com/innovative-io/io-dicom/codecs/jpeg2000/codec.go:116.73,118.2 1 1
github.com/innovative-io/io-dicom/codecs/jpeg2000/codec.go:120.101,121.36 1 1
github.com/innovative-io/io-dicom/codecs/jpeg2000/codec.go:121.36,123.3 1 1
github.com/innovative-io/io-dicom/codecs/jpeg2000/codec.go:124.2,124.78 1 1
github.com/innovative-io/io-dicom/codecs/jpeg2000/codec.go:124.78,126.3 1 0
github.com/innovative-io/io-dicom/codecs/jpeg2000/codec.go:127.2,127.62 1 1
github.com/innovative-io/io-dicom/codecs/jpeg2000/codec.go:130.139,132.2 1 1
github.com/innovative-io/io-dicom/codecs/jpeg2000/codec.go:134.167,135.38 1 1
github.com/innovative-io/io-dicom/codecs/jpeg2000/codec.go:135.38,137.3 1 1
github.com/innovative-io/io-dicom/codecs/jpeg2000/codec.go:138.2,138.41 1 1
github.com/innovative-io/io-dicom/codecs/jpeg2000/codec.go:138.41,140.3 1 0
github.com/innovative-io/io-dicom/codecs/jpeg2000/codec.go:142.2,143.16 2 1
github.com/innovative-io/io-dicom/codecs/jpeg2000/codec.go:143.16,145.3 1 0
github.com/innovative-io/io-dicom/codecs/jpeg2000/codec.go:146.2,148.12 3 1
github.com/innovative-io/io-dicom/codecs/jpeg2000/native_backends_default.go:7.32,8.2 0 1
github.com/innovative-io/io-dicom/codecs/backends.go:19.13,30.32 3 1
github.com/innovative-io/io-dicom/codecs/backends.go:30.32,31.28 1 1
github.com/innovative-io/io-dicom/codecs/backends.go:31.28,33.4 1 1
github.com/innovative-io/io-dicom/codecs/backends.go:35.2,35.17 1 1
github.com/innovative-io/io-dicom/codecs/backends.go:51.43,52.20 1 1
github.com/innovative-io/io-dicom/codecs/backends.go:52.20,53.56 1 1
github.com/innovative-io/io-dicom/codecs/backends.go:53.56,55.4 1 0
github.com/innovative-io/io-dicom/codecs/backends.go:57.2,57.22 1 1
github.com/innovative-io/io-dicom/codecs/backends.go:57.22,58.60 1 1
github.com/innovative-io/io-dicom/codecs/backends.go:58.60,60.4 1 0
github.com/innovative-io/io-dicom/codecs/backends.go:62.2,62.24 1 1
github.com/innovative-io/io-dicom/codecs/backends.go:62.24,63.64 1 1
github.com/innovative-io/io-dicom/codecs/backends.go:63.64,65.4 1 1
github.com/innovative-io/io-dicom/codecs/backends.go:67.2,67.22 1 1
github.com/innovative-io/io-dicom/codecs/backends.go:67.22,68.60 1 1
github.com/innovative-io/io-dicom/codecs/backends.go:68.60,70.4 1 0
github.com/innovative-io/io-dicom/codecs/backends.go:72.2,72.20 1 1
github.com/innovative-io/io-dicom/codecs/backends.go:72.20,73.56 1 1
github.com/innovative-io/io-dicom/codecs/backends.go:73.56,75.4 1 0
github.com/innovative-io/io-dicom/codecs/backends.go:77.2,77.20 1 1
github.com/innovative-io/io-dicom/codecs/backends.go:77.20,78.56 1 1
github.com/innovative-io/io-dicom/codecs/backends.go:78.56,80.4 1 0
github.com/innovative-io/io-dicom/codecs/backends.go:82.2,82.25 1 1
github.com/innovative-io/io-dicom/codecs/backends.go:82.25,83.62 1 1
github.com/innovative-io/io-dicom/codecs/backends.go:83.62,85.4 1 0
github.com/innovative-io/io-dicom/codecs/backends.go:87.2,87.12 1 1
github.com/innovative-io/io-dicom/codecs/backends.go:91.46,101.2 1 1
github.com/innovative-io/io-dicom/codecs/backends.go:104.56,114.2 1 1
github.com/innovative-io/io-dicom/codecs/backends.go:118.37,129.2 2 1
github.com/innovative-io/io-dicom/codecs/backends.go:131.43,133.29 2 1
github.com/innovative-io/io-dicom/codecs/backends.go:133.29,134.28 1 1
github.com/innovative-io/io-dicom/codecs/backends.go:134.28,135.12 1 1
github.com/innovative-io/io-dicom/codecs/backends.go:137.3,137.19 1 0
github.com/innovative-io/io-dicom/codecs/backends.go:137.19,139.4 1 0
github.com/innovative-io/io-dicom/codecs/backends.go:140.3,140.16 1 0
github.com/innovative-io/io-dicom/codecs/backends.go:142.2,142.15 1 1
github.com/innovative-io/io-dicom/codecs/backends.go:147.32,149.41 2 1
github.com/innovative-io/io-dicom/codecs/backends.go:149.41,151.3 1 0
github.com/innovative-io/io-dicom/codecs/backends.go:152.2,152.34 1 1
github.com/innovative-io/io-dicom/codecs/backends.go:156.48,157.20 1 1
github.com/innovative-io/io-dicom/codecs/backends.go:157.20,158.61 1 1
github.com/innovative-io/io-dicom/codecs/backends.go:158.61,160.4 1 0
github.com/innovative-io/io-dicom/codecs/backends.go:162.2,162.22 1 1
github.com/innovative-io/io-dicom/codecs/backends.go:162.22,163.65 1 1
github.com/innovative-io/io-dicom/codecs/backends.go:163.65,165.4 1 0
github.com/innovative-io/io-dicom/codecs/backends.go:167.2,167.24 1 1
github.com/innovative-io/io-dicom/codecs/backends.go:167.24,168.69 1 1
github.com/innovative-io/io-dicom/codecs/backends.go:168.69,170.4 1 0
github.com/innovative-io/io-dicom/codecs/backends.go:172.2,172.22 1 1
github.com/innovative-io/io-dicom/codecs/backends.go:172.22,173.65 1 1
github.com/innovative-io/io-dicom/codecs/backends.go:173.65,175.4 1 0
github.com/innovative-io/io-dicom/codecs/backends.go:177.2,177.20 1 1
github.com/innovative-io/io-dicom/codecs/backends.go:177.20,178.61 1 1
github.com/innovative-io/io-dicom/codecs/backends.go:178.61,180.4 1 0
github.com/innovative-io/io-dicom/codecs/backends.go:182.2,182.20 1 1
github.com/innovative-io/io-dicom/codecs/backends.go:182.20,183.61 1 1
github.com/innovative-io/io-dicom/codecs/backends.go:183.61,185.4 1 0
github.com/innovative-io/io-dicom/codecs/backends.go:187.2,187.25 1 1
github.com/innovative-io/io-dicom/codecs/backends.go:187.25,188.67 1 1
github.com/innovative-io/io-dicom/codecs/backends.go:188.67,190.4 1 0
github.com/innovative-io/io-dicom/codecs/backends.go:192.2,192.12 1 1
github.com/innovative-io/io-dicom/codecs/backends.go:196.38,206.2 1 1
github.com/innovative-io/io-dicom/codecs/backends.go:210.54,213.2 2 1
github.com/innovative-io/io-dicom/codecs/jpeg/codec.go:61.41,63.2 1 0
github.com/innovative-io/io-dicom/codecs/jpeg/codec.go:65.66,67.2 1 0
github.com/innovative-io/io-dicom/codecs/jpeg/codec.go:69.62,71.2 1 1
github.com/innovative-io/io-dicom/codecs/jpeg/codec.go:73.101,77.2 3 1
github.com/innovative-io/io-dicom/codecs/jpeg/codec.go:79.62,81.2 1 1
github.com/innovative-io/io-dicom/codecs/jpeg/codec.go:83.101,87.2 3 1
github.com/innovative-io/io-dicom/codecs/jpeg/codec.go:94.33,94.64 1 0
github.com/innovative-io/io-dicom/codecs/jpeg/codec.go:98.13,101.2 2 1
github.com/innovative-io/io-dicom/codecs/jpeg/codec.go:103.29,108.32 4 1
github.com/innovative-io/io-dicom/codecs/jpeg/codec.go:108.32,110.3 1 1
github.com/innovative-io/io-dicom/codecs/jpeg/codec.go:111.2,112.20 2 0
github.com/innovative-io/io-dicom/codecs/jpeg/codec.go:112.20,114.3 1 0
github.com/innovative-io/io-dicom/codecs/jpeg/codec.go:115.2,116.20 2 0
github.com/innovative-io/io-dicom/codecs/jpeg/codec.go:116.20,118.3 1 0
github.com/innovative-io/io-dicom/codecs/jpeg/codec.go:119.2,120.25 2 0
github.com/innovative-io/io-dicom/codecs/jpeg/codec.go:123.42,125.37 2 1
github.com/innovative-io/io-dicom/codecs/jpeg/codec.go:125.37,126.28 1 1
github.com/innovative-io/io-dicom/codecs/jpeg/codec.go:126.28,127.12 1 1
github.com/innovative-io/io-dicom/codecs/jpeg/codec.go:129.3,129.42 1 0
github.com/innovative-io/io-dicom/codecs/jpeg/codec.go:131.2,131.27 1 1
github.com/innovative-io/io-dicom/codecs/jpeg/codec.go:131.27,133.3 1 1
github.com/innovative-io/io-dicom/codecs/jpeg/codec.go:134.2,134.23 1 0
github.com/innovative-io/io-dicom/codecs/jpeg/codec.go:139.34,142.20 3 1
github.com/innovative-io/io-dicom/codecs/jpeg/codec.go:142.20,146.3 3 1
github.com/innovative-io/io-dicom/codecs/jpeg/codec.go:147.2,148.30 2 1
github.com/innovative-io/io-dicom/codecs/jpeg/codec.go:152.27,156.2 3 1
github.com/innovative-io/io-dicom/codecs/jpeg/codec.go:159.65,160.16 1 1
github.com/innovative-io/io-dicom/codecs/jpeg/codec.go:160.16,162.3 1 0
github.com/innovative-io/io-dicom/codecs/jpeg/codec.go:163.2,163.20 1 1
github.com/innovative-io/io-dicom/codecs/jpeg/codec.go:163.20,165.3 1 0
github.com/innovative-io/io-dicom/codecs/jpeg/codec.go:167.2,169.49 3 1
github.com/innovative-io/io-dicom/codecs/jpeg/codec.go:169.49,171.3 1 0
github.com/innovative-io/io-dicom/codecs/jpeg/codec.go:172.2,173.12 2 1
github.com/innovative-io/io-dicom/codecs/jpeg/codec.go:177.36,181.13 4 1
github.com/innovative-io/io-dicom/codecs/jpeg/codec.go:181.13,183.3 1 0
github.com/innovative-io/io-dicom/codecs/jpeg/codec.go:184.2,185.20 2 1
github.com/innovative-io/io-dicom/codecs/jpeg/codec.go:185.20,187.3 1 0
github.com/innovative-io/io-dicom/codecs/jpeg/codec.go:188.2,190.12 3 1
github.com/innovative-io/io-dicom/codecs/jpeg/codec.go:194.35,198.37 4 1
github.com/innovative-io/io-dicom/codecs/jpeg/codec.go:198.37,200.3 1 1
github.com/innovative-io/io-dicom/codecs/jpeg/codec.go:201.2,202.14 2 1
github.com/innovative-io/io-dicom/codecs/jpeg/codec.go:205.41,207.25 2 0
github.com/innovative-io/io-dicom/codecs/jpeg/codec.go:207.25,210.50 3 0
github.com/innovative-io/io-dicom/codecs/jpeg/codec.go:210.50,212.4 1 0
github.com/innovative-io/io-dicom/codecs/jpeg/codec.go:213.3,213.13 1 0
github.com/innovative-io/io-dicom/codecs/jpeg/codec.go:215.2,217.13 3 0
github.com/innovative-io/io-dicom/codecs/jpeg/codec.go:217.13,219.3 1 0
github.com/innovative-io/io-dicom/codecs/jpeg/codec.go:220.2,221.20 2 0
github.com/innovative-io/io-dicom/codecs/jpeg/codec.go:221.20,223.3 1 0
github.com/innovative-io/io-dicom/codecs/jpeg/codec.go:224.2,224.49 1 0
github.com/innovative-io/io-dicom/codecs/jpeg/codec.go:224.49,226.3 1 0
github.com/innovative-io/io-dicom/codecs/jpeg/codec.go:227.2,227.12 1 0
github.com/innovative-io/io-dicom/codecs/jpeg/codec.go:230.30,234.2 3 1
github.com/innovative-io/io-dicom/codecs/jpeg/codec.go:236.45,240.2 3 0
github.com/innovative-io/io-dicom/codecs/jpeg/codec.go:242.84,244.53 2 1
github.com/innovative-io/io-dicom/codecs/jpeg/codec.go:244.53,246.3 1 0
github.com/innovative-io/io-dicom/codecs/jpeg/codec.go:247.2,247.42 1 1
github.com/innovative-io/io-dicom/codecs/jpeg/codec.go:250.130,252.53 2 1
github.com/innovative-io/io-dicom/codecs/jpeg/codec.go:252.53,254.3 1 0
github.com/innovative-io/io-dicom/codecs/jpeg/codec.go:255.2,255.60 1 1
github.com/innovative-io/io-dicom/codecs/jpeg/codec.go:258.84,260.53 2 1
github.com/innovative-io/io-dicom/codecs/jpeg/codec.go:260.53,262.3 1 0
github.com/innovative-io/io-dicom/codecs/jpeg/codec.go:263.2,263.42 1 1
github.com/innovative-io/io-dicom/codecs/jpeg/codec.go:266.130,268.53 2 1
github.com/innovative-io/io-dicom/codecs/jpeg/codec.go:268.53,270.3 1 0
github.com/innovative-io/io-dicom/codecs/jpeg/codec.go:271.2,271.60 1 1
github.com/innovative-io/io-dicom/codecs/jpeg/codec.go:274.122,275.78 1 1
github.com/innovative-io/io-dicom/codecs/jpeg/codec.go:275.78,277.3 1 1
github.com/innovative-io/io-dicom/codecs/jpeg/codec.go:278.2,278.48 1 1
github.com/innovative-io/io-dicom/codecs/jpeg/codec.go:278.48,280.3 1 0
github.com/innovative-io/io-dicom/codecs/jpeg/codec.go:281.2,281.74 1 1
github.com/innovative-io/io-dicom/codecs/jpeg/codec.go:281.74,283.3 1 0
github.com/innovative-io/io-dicom/codecs/jpeg/codec.go:285.2,289.16 4 1
github.com/innovative-io/io-dicom/codecs/jpeg/codec.go:289.16,291.3 1 0
github.com/innovative-io/io-dicom/codecs/jpeg/codec.go:293.2,296.28 3 1
github.com/innovative-io/io-dicom/codecs/jpeg/codec.go:296.28,297.26 1 1
github.com/innovative-io/io-dicom/codecs/jpeg/codec.go:297.26,298.27 1 1
github.com/innovative-io/io-dicom/codecs/jpeg/codec.go:298.27,301.5 2 1
github.com/innovative-io/io-dicom/codecs/jpeg/codec.go:303.3,303.13 1 1
github.com/innovative-io/io-dicom/codecs/jpeg/codec.go:306.2,306.29 1 1
github.com/innovative-io/io-dicom/codecs/jpeg/codec.go:306.29,308.3 1 0
github.com/innovative-io/io-dicom/codecs/jpeg/codec.go:310.2,311.25 2 1
github.com/innovative-io/io-dicom/codecs/jpeg/codec.go:311.25,312.26 1 1
github.com/innovative-io/io-dicom/codecs/jpeg/codec.go:312.26,318.4 5 1
github.com/innovative-io/io-dicom/codecs/jpeg/codec.go:320.2,320.12 1 1
github.com/innovative-io/io-dicom/codecs/jpeg/codec.go:324.96,326.2 1 1
github.com/innovative-io/io-dicom/codecs/jpeg/codec.go:329.126,331.22 2 1
github.com/innovative-io/io-dicom/codecs/jpeg/codec.go:331.22,333.3 1 0
github.com/innovative-io/io-dicom/codecs/jpeg/codec.go:335.2,336.17 2 1
github.com/innovative-io/io-dicom/codecs/jpeg/codec.go:337.9,339.30 2 1
github.com/innovative-io/io-dicom/codecs/jpeg/codec.go:339.30,341.4 1 0
github.com/innovative-io/io-dicom/codecs/jpeg/codec.go:342.3,344.13 3 1
github.com/innovative-io/io-dicom/codecs/jpeg/codec.go:345.9,347.30 2 1
github.com/innovative-io/io-dicom/codecs/jpeg/codec.go:347.30,349.4 1 0
github.com/innovative-io/io-dicom/codecs/jpeg/codec.go:350.3,353.26 4 1
github.com/innovative-io/io-dicom/codecs/jpeg/codec.go:353.26,354.27 1 1
github.com/innovative-io/io-dicom/codecs/jpeg/codec.go:354.27,361.5 6 1
github.com/innovative-io/io-dicom/codecs/jpeg/codec.go:363.3,363.13 1 1
github.com/innovative-io/io-dicom/codecs/jpeg/codec.go:364.10,365.31 1 0
github.com/innovative-io/io-dicom/codecs/jpeg/codec.go:368.2,369.15 2 1
github.com/innovative-io/io-dicom/codecs/jpeg/codec.go:369.15,371.3 1 1
github.com/innovative-io/io-dicom/codecs/jpeg/codec.go:373.2,374.80 2 1
github.com/innovative-io/io-dicom/codecs/jpeg/codec.go:374.80,376.3 1 0
github.com/innovative-io/io-dicom/codecs/jpeg/codec.go:377.2,379.12 3 1
github.com/innovative-io/io-dicom/codecs/jpeg/codec.go:382.97,384.2 1 1
github.com/innovative-io/io-dicom/codecs/jpeg/codec.go:386.125,387.38 1 1
github.com/innovative-io/io-dicom/codecs/jpeg/codec.go:387.38,389.3 1 1
github.com/innovative-io/io-dicom/codecs/jpeg/codec.go:390.2,390.42 1 1
github.com/innovative-io/io-dicom/codecs/jpeg/codec.go:390.42,392.3 1 0
github.com/innovative-io/io-dicom/codecs/jpeg/codec.go:393.2,393.74 1 1
github.com/innovative-io/io-dicom/codecs/jpeg/codec.go:393.74,395.3 1 0
github.com/innovative-io/io-dicom/codecs/jpeg/codec.go:396.2,396.79 1 1
github.com/innovative-io/io-dicom/codecs/jpeg/codec.go:399.128,401.2 1 1
github.com/innovative-io/io-dicom/codecs/jpeg/codec.go:403.156,404.38 1 1
github.com/innovative-io/io-dicom/codecs/jpeg/codec.go:404.38,406.3 1 1
github.com/innovative-io/io-dicom/codecs/jpeg/codec.go:407.2,407.41 1 1
github.com/innovative-io/io-dicom/codecs/jpeg/codec.go:407.41,409.3 1 0
github.com/innovative-io/io-dicom/codecs/jpeg/codec.go:410.2,411.16 2 1
github.com/innovative-io/io-dicom/codecs/jpeg/codec.go:411.16,413.3 1 0
github.com/innovative-io/io-dicom/codecs/jpeg/codec.go:414.2,416.12 3 1
github.com/innovative-io/io-dicom/codecs/jpeg/codec.go:419.97,421.2 1 1
github.com/innovative-io/io-dicom/codecs/jpeg/codec.go:423.125,424.38 1 1
github.com/innovative-io/io-dicom/codecs/jpeg/codec.go:424.38,426.3 1 0
github.com/innovative-io/io-dicom/codecs/jpeg/codec.go:427.2,427.42 1 1
github.com/innovative-io/io-dicom/codecs/jpeg/codec.go:427.42,429.3 1 1
github.com/innovative-io/io-dicom/codecs/jpeg/codec.go:430.2,430.74 1 1
github.com/innovative-io/io-dicom/codecs/jpeg/codec.go:430.74,432.3 1 0
github.com/innovative-io/io-dicom/codecs/jpeg/codec.go:433.2,433.79 1 1
github.com/innovative-io/io-dicom/codecs/jpeg/codec.go:436.128,438.2 1 1
github.com/innovative-io/io-dicom/codecs/jpeg/codec.go:440.156,441.38 1 1
github.com/innovative-io/io-dicom/codecs/jpeg/codec.go:441.38,443.3 1 1
github.com/innovative-io/io-dicom/codecs/jpeg/codec.go:444.2,444.41 1 1
github.com/innovative-io/io-dicom/codecs/jpeg/codec.go:444.41,446.3 1 0
github.com/innovative-io/io-dicom/codecs/jpeg/codec.go:447.2,448.16 2 1
github.com/innovative-io/io-dicom/codecs/jpeg/codec.go:448.16,450.3 1 0
github.com/innovative-io/io-dicom/codecs/jpeg/codec.go:451.2,453.12 3 1
github.com/innovative-io/io-dicom/codecs/jpeg/native_backends_default.go:7.32,8.2 0 1
github.com/innovative-io/io-dicom/codecs/jpegls/codec.go:38.41,40.2 1 1
github.com/innovative-io/io-dicom/codecs/jpegls/codec.go:42.66,44.2 1 0
github.com/innovative-io/io-dicom/codecs/jpegls/codec.go:46.60,48.2 1 1
github.com/innovative-io/io-dicom/codecs/jpegls/codec.go:50.110,54.2 3 1
github.com/innovative-io/io-dicom/codecs/jpegls/codec.go:56.41,56.72 1 1
github.com/innovative-io/io-dicom/codecs/jpegls/codec.go:58.13,61.2 2 1
github.com/innovative-io/io-dicom/codecs/jpegls/codec.go:64.34,65.20 1 1
github.com/innovative-io/io-dicom/codecs/jpegls/codec.go:65.20,68.3 2 1
github.com/innovative-io/io-dicom/codecs/jpegls/codec.go:69.2,69.18 1 1
github.com/innovative-io/io-dicom/codecs/jpegls/codec.go:73.27,73.55 1 1
github.com/innovative-io/io-dicom/codecs/jpegls/codec.go:76.65,76.103 1 1
github.com/innovative-io/io-dicom/codecs/jpegls/codec.go:79.36,79.60 1 1
github.com/innovative-io/io-dicom/codecs/jpegls/codec.go:82.35,82.61 1 1
github.com/innovative-io/io-dicom/codecs/jpegls/codec.go:85.41,85.70 1 0
github.com/innovative-io/io-dicom/codecs/jpegls/codec.go:87.30,87.53 1 1
github.com/innovative-io/io-dicom/codecs/jpegls/codec.go:89.45,93.2 3 0
github.com/innovative-io/io-dicom/codecs/jpegls/codec.go:95.82,97.53 2 1
github.com/innovative-io/io-dicom/codecs/jpegls/codec.go:97.53,99.3 1 0
github.com/innovative-io/io-dicom/codecs/jpegls/codec.go:100.2,100.40 1 1
github.com/innovative-io/io-dicom/codecs/jpegls/codec.go:103.151,105.53 2 1
github.com/innovative-io/io-dicom/codecs/jpegls/codec.go:105.53,107.3 1 0
github.com/innovative-io/io-dicom/codecs/jpegls/codec.go:108.2,108.73 1 1
github.com/innovative-io/io-dicom/codecs/jpegls/codec.go:111.73,113.2 1 1
github.com/innovative-io/io-dicom/codecs/jpegls/codec.go:115.101,116.36 1 1
github.com/innovative-io/io-dicom/codecs/jpegls/codec.go:116.36,118.3 1 1
github.com/innovative-io/io-dicom/codecs/jpegls/codec.go:119.2,119.78 1 1
github.com/innovative-io/io-dicom/codecs/jpegls/codec.go:119.78,121.3 1 0
github.com/innovative-io/io-dicom/codecs/jpegls/codec.go:122.2,122.62 1 1
github.com/innovative-io/io-dicom/codecs/jpegls/codec.go:125.147,127.2 1 1
github.com/innovative-io/io-dicom/codecs/jpegls/codec.go:129.175,130.38 1 1
github.com/innovative-io/io-dicom/codecs/jpegls/codec.go:130.38,132.3 1 1
github.com/innovative-io/io-dicom/codecs/jpegls/codec.go:133.2,133.41 1 1
github.com/innovative-io/io-dicom/codecs/jpegls/codec.go:133.41,135.3 1 0
github.com/innovative-io/io-dicom/codecs/jpegls/codec.go:137.2,138.16 2 1
github.com/innovative-io/io-dicom/codecs/jpegls/codec.go:138.16,140.3 1 0
github.com/innovative-io/io-dicom/codecs/jpegls/codec.go:141.2,143.12 3 1
github.com/innovative-io/io-dicom/codecs/jpegls/native_backends_default.go:7.32,8.2 0 1
github.com/innovative-io/io-dicom/codecs/internal/nativeenv/nativeenv.go:22.13,23.17 1 1
github.com/innovative-io/io-dicom/codecs/internal/nativeenv/nativeenv.go:23.17,25.19 2 1
github.com/innovative-io/io-dicom/codecs/internal/nativeenv/nativeenv.go:25.19,28.4 2 0
github.com/innovative-io/io-dicom/codecs/internal/nativeenv/nativeenv.go:30.3,34.24 5 1
github.com/innovative-io/io-dicom/codecs/internal/nativeenv/nativeenv.go:34.24,36.4 1 0
github.com/innovative-io/io-dicom/codecs/internal/nativeenv/nativeenv.go:37.3,37.30 1 1
github.com/innovative-io/io-dicom/codecs/internal/nativeenv/nativeenv.go:37.30,39.4 1 0
github.com/innovative-io/io-dicom/codecs/internal/nativeenv/nativeenv.go:40.3,40.39 1 1
github.com/innovative-io/io-dicom/codecs/internal/nativeenv/nativeenv.go:44.30,45.66 1 1
github.com/innovative-io/io-dicom/codecs/internal/nativeenv/nativeenv.go:45.66,47.3 1 1
github.com/innovative-io/io-dicom/codecs/internal/nativeenv/nativeenv.go:49.2,49.47 1 0
github.com/innovative-io/io-dicom/codecs/internal/nativeenv/nativeenv.go:49.47,51.19 2 0
github.com/innovative-io/io-dicom/codecs/internal/nativeenv/nativeenv.go:51.19,53.4 1 0
github.com/innovative-io/io-dicom/codecs/internal/nativeenv/nativeenv.go:56.2,56.40 1 0
github.com/innovative-io/io-dicom/codecs/internal/nativeenv/nativeenv.go:56.40,58.19 2 0
github.com/innovative-io/io-dicom/codecs/internal/nativeenv/nativeenv.go:58.19,60.4 1 0
github.com/innovative-io/io-dicom/codecs/internal/nativeenv/nativeenv.go:63.2,63.11 1 0
github.com/innovative-io/io-dicom/codecs/internal/nativeenv/nativeenv.go:66.34,68.16 2 1
github.com/innovative-io/io-dicom/codecs/internal/nativeenv/nativeenv.go:68.16,70.3 1 1
github.com/innovative-io/io-dicom/codecs/internal/nativeenv/nativeenv.go:71.2,71.21 1 1
github.com/innovative-io/io-dicom/codecs/internal/nativeenv/nativeenv.go:74.40,81.2 6 1
github.com/innovative-io/io-dicom/codecs/internal/nativeenv/nativeenv.go:83.82,84.29 1 1
github.com/innovative-io/io-dicom/codecs/internal/nativeenv/nativeenv.go:84.29,86.3 1 1
github.com/innovative-io/io-dicom/codecs/internal/nativeenv/nativeenv.go:87.2,88.30 2 1
github.com/innovative-io/io-dicom/codecs/internal/nativeenv/nativeenv.go:88.30,89.40 1 1
github.com/innovative-io/io-dicom/codecs/internal/nativeenv/nativeenv.go:89.40,90.12 1 1
github.com/innovative-io/io-dicom/codecs/internal/nativeenv/nativeenv.go:92.3,93.52 2 1
github.com/innovative-io/io-dicom/codecs/internal/nativeenv/nativeenv.go:93.52,94.21 1 1
github.com/innovative-io/io-dicom/codecs/internal/nativeenv/nativeenv.go:94.21,96.5 1 0
github.com/innovative-io/io-dicom/codecs/internal/nativeenv/nativeenv.go:98.3,99.13 2 1
github.com/innovative-io/io-dicom/codecs/internal/nativeenv/nativeenv.go:101.2,101.34 1 0
github.com/innovative-io/io-dicom/codecs/internal/nativeenv/nativeenv.go:104.25,107.2 2 0
github.com/innovative-io/io-dicom/codecs/internal/nativeenv/nativeenv.go:109.44,111.23 2 1
github.com/innovative-io/io-dicom/codecs/internal/nativeenv/nativeenv.go:111.23,113.100 2 1
github.com/innovative-io/io-dicom/codecs/internal/nativeenv/nativeenv.go:113.100,115.4 1 1
github.com/innovative-io/io-dicom/codecs/internal/nativeenv/nativeenv.go:117.2,117.28 1 1
github.com/innovative-io/io-dicom/codecs/internal/nativeenv/nativeenv.go:120.81,124.2 3 0
github.com/innovative-io/io-dicom/codecs/jpip/codec.go:38.41,40.2 1 1
github.com/innovative-io/io-dicom/codecs/jpip/codec.go:42.66,44.2 1 0
github.com/innovative-io/io-dicom/codecs/jpip/codec.go:46.70,48.2 1 1
github.com/innovative-io/io-dicom/codecs/jpip/codec.go:50.112,54.2 3 1
github.com/innovative-io/io-dicom/codecs/jpip/codec.go:56.41,56.72 1 1
github.com/innovative-io/io-dicom/codecs/jpip/codec.go:58.13,61.2 2 1
github.com/innovative-io/io-dicom/codecs/jpip/codec.go:64.34,65.20 1 1
github.com/innovative-io/io-dicom/codecs/jpip/codec.go:65.20,68.3 2 1
github.com/innovative-io/io-dicom/codecs/jpip/codec.go:69.2,69.18 1 1
github.com/innovative-io/io-dicom/codecs/jpip/codec.go:73.27,73.55 1 1
github.com/innovative-io/io-dicom/codecs/jpip/codec.go:76.65,76.103 1 1
github.com/innovative-io/io-dicom/codecs/jpip/codec.go:79.36,79.60 1 1
github.com/innovative-io/io-dicom/codecs/jpip/codec.go:82.35,82.61 1 1
github.com/innovative-io/io-dicom/codecs/jpip/codec.go:85.41,85.70 1 0
github.com/innovative-io/io-dicom/codecs/jpip/codec.go:87.30,87.53 1 1
github.com/innovative-io/io-dicom/codecs/jpip/codec.go:89.45,93.2 3 0
github.com/innovative-io/io-dicom/codecs/jpip/codec.go:95.108,97.53 2 1
github.com/innovative-io/io-dicom/codecs/jpip/codec.go:97.53,99.3 1 0
github.com/innovative-io/io-dicom/codecs/jpip/codec.go:100.2,100.59 1 1
github.com/innovative-io/io-dicom/codecs/jpip/codec.go:103.158,105.53 2 1
github.com/innovative-io/io-dicom/codecs/jpip/codec.go:105.53,107.3 1 0
github.com/innovative-io/io-dicom/codecs/jpip/codec.go:108.2,108.78 1 1
github.com/innovative-io/io-dicom/codecs/jpip/codec.go:111.42,112.13 1 1
github.com/innovative-io/io-dicom/codecs/jpip/codec.go:113.60,114.14 1 1
github.com/innovative-io/io-dicom/codecs/jpip/codec.go:115.10,116.15 1 1
github.com/innovative-io/io-dicom/codecs/jpip/codec.go:120.106,122.2 1 1
github.com/innovative-io/io-dicom/codecs/jpip/codec.go:124.134,125.44 1 1
github.com/innovative-io/io-dicom/codecs/jpip/codec.go:125.44,127.3 1 1
github.com/innovative-io/io-dicom/codecs/jpip/codec.go:128.2,128.42 1 1
github.com/innovative-io/io-dicom/codecs/jpip/codec.go:128.42,130.3 1 1
github.com/innovative-io/io-dicom/codecs/jpip/codec.go:131.2,131.81 1 1
github.com/innovative-io/io-dicom/codecs/jpip/codec.go:131.81,133.3 1 0
github.com/innovative-io/io-dicom/codecs/jpip/codec.go:134.2,134.87 1 1
github.com/innovative-io/io-dicom/codecs/jpip/codec.go:137.155,139.2 1 1
github.com/innovative-io/io-dicom/codecs/jpip/codec.go:141.183,142.44 1 1
github.com/innovative-io/io-dicom/codecs/jpip/codec.go:142.44,144.3 1 1
github.com/innovative-io/io-dicom/codecs/jpip/codec.go:145.2,145.38 1 1
github.com/innovative-io/io-dicom/codecs/jpip/codec.go:145.38,147.3 1 0
github.com/innovative-io/io-dicom/codecs/jpip/codec.go:148.2,148.41 1 1
github.com/innovative-io/io-dicom/codecs/jpip/codec.go:148.41,150.3 1 0
github.com/innovative-io/io-dicom/codecs/jpip/codec.go:152.2,153.16 2 1
github.com/innovative-io/io-dicom/codecs/jpip/codec.go:153.16,155.3 1 0
github.com/innovative-io/io-dicom/codecs/jpip/codec.go:156.2,158.12 3 1
github.com/innovative-io/io-dicom/codecs/jpip/native_backends_default.go:7.32,8.2 0 1
github.com/innovative-io/io-dicom/codecs/mpeg/codec.go:52.41,54.2 1 1
github.com/innovative-io/io-dicom/codecs/mpeg/codec.go:56.66,58.2 1 0
github.com/innovative-io/io-dicom/codecs/mpeg/codec.go:60.70,62.2 1 1
github.com/innovative-io/io-dicom/codecs/mpeg/codec.go:64.112,68.2 3 1
github.com/innovative-io/io-dicom/codecs/mpeg/codec.go:70.41,70.72 1 1
github.com/innovative-io/io-dicom/codecs/mpeg/codec.go:72.13,75.2 2 1
github.com/innovative-io/io-dicom/codecs/mpeg/codec.go:78.34,79.20 1 1
github.com/innovative-io/io-dicom/codecs/mpeg/codec.go:79.20,82.3 2 1
github.com/innovative-io/io-dicom/codecs/mpeg/codec.go:83.2,83.18 1 1
github.com/innovative-io/io-dicom/codecs/mpeg/codec.go:87.27,87.55 1 1
github.com/innovative-io/io-dicom/codecs/mpeg/codec.go:90.65,90.103 1 1
github.com/innovative-io/io-dicom/codecs/mpeg/codec.go:93.36,93.60 1 1
github.com/innovative-io/io-dicom/codecs/mpeg/codec.go:96.35,96.61 1 1
github.com/innovative-io/io-dicom/codecs/mpeg/codec.go:99.41,99.70 1 0
github.com/innovative-io/io-dicom/codecs/mpeg/codec.go:101.30,101.53 1 1
github.com/innovative-io/io-dicom/codecs/mpeg/codec.go:103.45,107.2 3 0
github.com/innovative-io/io-dicom/codecs/mpeg/codec.go:109.108,111.53 2 1
github.com/innovative-io/io-dicom/codecs/mpeg/codec.go:111.53,113.3 1 0
github.com/innovative-io/io-dicom/codecs/mpeg/codec.go:114.2,114.59 1 1
github.com/innovative-io/io-dicom/codecs/mpeg/codec.go:117.158,119.53 2 1
github.com/innovative-io/io-dicom/codecs/mpeg/codec.go:119.53,121.3 1 0
github.com/innovative-io/io-dicom/codecs/mpeg/codec.go:122.2,122.78 1 1
github.com/innovative-io/io-dicom/codecs/mpeg/codec.go:125.42,126.13 1 1
github.com/innovative-io/io-dicom/codecs/mpeg/codec.go:142.29,143.14 1 1
github.com/innovative-io/io-dicom/codecs/mpeg/codec.go:144.10,145.15 1 1
github.com/innovative-io/io-dicom/codecs/mpeg/codec.go:149.104,151.2 1 1
github.com/innovative-io/io-dicom/codecs/mpeg/codec.go:153.132,154.44 1 1
github.com/innovative-io/io-dicom/codecs/mpeg/codec.go:154.44,156.3 1 0
github.com/innovative-io/io-dicom/codecs/mpeg/codec.go:157.2,157.40 1 1
github.com/innovative-io/io-dicom/codecs/mpeg/codec.go:157.40,159.3 1 1
github.com/innovative-io/io-dicom/codecs/mpeg/codec.go:160.2,160.80 1 1
github.com/innovative-io/io-dicom/codecs/mpeg/codec.go:160.80,162.3 1 0
github.com/innovative-io/io-dicom/codecs/mpeg/codec.go:163.2,163.85 1 1
github.com/innovative-io/io-dicom/codecs/mpeg/codec.go:166.155,168.2 1 1
github.com/innovative-io/io-dicom/codecs/mpeg/codec.go:170.183,171.44 1 1
github.com/innovative-io/io-dicom/codecs/mpeg/codec.go:171.44,173.3 1 1
github.com/innovative-io/io-dicom/codecs/mpeg/codec.go:174.2,174.38 1 1
github.com/innovative-io/io-dicom/codecs/mpeg/codec.go:174.38,176.3 1 0
github.com/innovative-io/io-dicom/codecs/mpeg/codec.go:177.2,177.41 1 1
github.com/innovative-io/io-dicom/codecs/mpeg/codec.go:177.41,179.3 1 0
github.com/innovative-io/io-dicom/codecs/mpeg/codec.go:181.2,182.16 2 1
github.com/innovative-io/io-dicom/codecs/mpeg/codec.go:182.16,184.3 1 0
github.com/innovative-io/io-dicom/codecs/mpeg/codec.go:185.2,187.12 3 1
github.com/innovative-io/io-dicom/codecs/mpeg/native_backends_default.go:7.32,8.2 0 1
github.com/innovative-io/io-dicom/codecs/smpte2110/codec.go:39.41,41.2 1 1
github.com/innovative-io/io-dicom/codecs/smpte2110/codec.go:43.66,45.2 1 0
github.com/innovative-io/io-dicom/codecs/smpte2110/codec.go:47.70,49.2 1 1
github.com/innovative-io/io-dicom/codecs/smpte2110/codec.go:51.112,55.2 3 1
github.com/innovative-io/io-dicom/codecs/smpte2110/codec.go:57.41,57.72 1 1
github.com/innovative-io/io-dicom/codecs/smpte2110/codec.go:59.13,62.2 2 1
github.com/innovative-io/io-dicom/codecs/smpte2110/codec.go:65.34,66.20 1 1
github.com/innovative-io/io-dicom/codecs/smpte2110/codec.go:66.20,69.3 2 1
github.com/innovative-io/io-dicom/codecs/smpte2110/codec.go:70.2,70.18 1 1
github.com/innovative-io/io-dicom/codecs/smpte2110/codec.go:74.27,74.55 1 1
github.com/innovative-io/io-dicom/codecs/smpte2110/codec.go:77.65,77.103 1 1
github.com/innovative-io/io-dicom/codecs/smpte2110/codec.go:80.36,80.60 1 1
github.com/innovative-io/io-dicom/codecs/smpte2110/codec.go:83.35,83.61 1 1
github.com/innovative-io/io-dicom/codecs/smpte2110/codec.go:86.41,86.70 1 0
github.com/innovative-io/io-dicom/codecs/smpte2110/codec.go:88.30,88.53 1 1
github.com/innovative-io/io-dicom/codecs/smpte2110/codec.go:90.45,94.2 3 0
github.com/innovative-io/io-dicom/codecs/smpte2110/codec.go:96.108,98.53 2 1
github.com/innovative-io/io-dicom/codecs/smpte2110/codec.go:98.53,100.3 1 0
github.com/innovative-io/io-dicom/codecs/smpte2110/codec.go:101.2,101.59 1 1
github.com/innovative-io/io-dicom/codecs/smpte2110/codec.go:104.158,106.53 2 1
github.com/innovative-io/io-dicom/codecs/smpte2110/codec.go:106.53,108.3 1 0
github.com/innovative-io/io-dicom/codecs/smpte2110/codec.go:109.2,109.78 1 1
github.com/innovative-io/io-dicom/codecs/smpte2110/codec.go:112.43,113.13 1 1
github.com/innovative-io/io-dicom/codecs/smpte2110/codec.go:114.81,115.14 1 1
github.com/innovative-io/io-dicom/codecs/smpte2110/codec.go:116.10,117.15 1 1
github.com/innovative-io/io-dicom/codecs/smpte2110/codec.go:121.111,123.2 1 1
github.com/innovative-io/io-dicom/codecs/smpte2110/codec.go:125.139,126.45 1 1
github.com/innovative-io/io-dicom/codecs/smpte2110/codec.go:126.45,128.3 1 1
github.com/innovative-io/io-dicom/codecs/smpte2110/codec.go:129.2,129.42 1 1
github.com/innovative-io/io-dicom/codecs/smpte2110/codec.go:129.42,131.3 1 1
github.com/innovative-io/io-dicom/codecs/smpte2110/codec.go:132.2,132.81 1 1
github.com/innovative-io/io-dicom/codecs/smpte2110/codec.go:132.81,134.3 1 0
github.com/innovative-io/io-dicom/codecs/smpte2110/codec.go:135.2,135.87 1 1
github.com/innovative-io/io-dicom/codecs/smpte2110/codec.go:138.160,140.2 1 1
github.com/innovative-io/io-dicom/codecs/smpte2110/codec.go:142.188,143.45 1 1
github.com/innovative-io/io-dicom/codecs/smpte2110/codec.go:143.45,145.3 1 1
github.com/innovative-io/io-dicom/codecs/smpte2110/codec.go:146.2,146.38 1 1
github.com/innovative-io/io-dicom/codecs/smpte2110/codec.go:146.38,148.3 1 0
github.com/innovative-io/io-dicom/codecs/smpte2110/codec.go:149.2,149.41 1 1
github.com/innovative-io/io-dicom/codecs/smpte2110/codec.go:149.41,151.3 1 0
github.com/innovative-io/io-dicom/codecs/smpte2110/codec.go:153.2,154.16 2 1
github.com/innovative-io/io-dicom/codecs/smpte2110/codec.go:154.16,156.3 1 0
github.com/innovative-io/io-dicom/codecs/smpte2110/codec.go:157.2,159.12 3 1
github.com/innovative-io/io-dicom/codecs/smpte2110/native_backends_default.go:7.32,8.2 0 1
github.com/innovative-io/io-dicom/dictionary/codingscheme/uids.go:10.57,11.35 1 1
github.com/innovative-io/io-dicom/dictionary/codingscheme/uids.go:11.35,12.22 1 1
github.com/innovative-io/io-dicom/dictionary/codingscheme/uids.go:12.22,14.4 1 1
github.com/innovative-io/io-dicom/dictionary/codingscheme/uids.go:16.2,16.12 1 1
github.com/innovative-io/io-dicom/dictionary/codingscheme/uids.go:19.55,20.35 1 1
github.com/innovative-io/io-dicom/dictionary/codingscheme/uids.go:20.35,21.20 1 1
github.com/innovative-io/io-dicom/dictionary/codingscheme/uids.go:21.20,23.4 1 1
github.com/innovative-io/io-dicom/dictionary/codingscheme/uids.go:25.2,25.12 1 1
github.com/innovative-io/io-dicom/cmd/compare/main.go:16.13,26.49 6 0
github.com/innovative-io/io-dicom/cmd/compare/main.go:26.49,28.3 1 0
github.com/innovative-io/io-dicom/cmd/compare/main.go:29.2,30.16 2 0
github.com/innovative-io/io-dicom/cmd/compare/main.go:30.16,32.3 1 0
github.com/innovative-io/io-dicom/cmd/compare/main.go:33.2,37.16 4 0
github.com/innovative-io/io-dicom/cmd/compare/main.go:37.16,39.3 1 0
github.com/innovative-io/io-dicom/cmd/compare/main.go:40.2,43.33 3 0
github.com/innovative-io/io-dicom/cmd/compare/main.go:43.33,45.3 1 0
github.com/innovative-io/io-dicom/cmd/compare/main.go:49.76,51.2 1 0
github.com/innovative-io/io-dicom/cmd/compare/main.go:55.91,61.43 4 0
github.com/innovative-io/io-dicom/cmd/compare/main.go:61.43,62.20 1 0
github.com/innovative-io/io-dicom/cmd/compare/main.go:62.20,63.12 1 0
github.com/innovative-io/io-dicom/cmd/compare/main.go:65.3,66.20 2 0
github.com/innovative-io/io-dicom/cmd/compare/main.go:69.2,69.38 1 0
github.com/innovative-io/io-dicom/cmd/compare/main.go:69.38,70.20 1 0
github.com/innovative-io/io-dicom/cmd/compare/main.go:70.20,73.17 3 0
github.com/innovative-io/io-dicom/cmd/compare/main.go:73.17,76.13 3 0
github.com/innovative-io/io-dicom/cmd/compare/main.go:78.4,79.40 2 0
github.com/innovative-io/io-dicom/cmd/compare/main.go:79.40,81.5 1 0
github.com/innovative-io/io-dicom/cmd/compare/main.go:82.4,82.12 1 0
github.com/innovative-io/io-dicom/cmd/compare/main.go:84.3,86.13 3 0
github.com/innovative-io/io-dicom/cmd/compare/main.go:86.13,89.12 3 0
github.com/innovative-io/io-dicom/cmd/compare/main.go:91.3,91.43 1 0
github.com/innovative-io/io-dicom/cmd/compare/main.go:91.43,93.48 2 0
github.com/innovative-io/io-dicom/cmd/compare/main.go:93.48,95.5 1 0
github.com/innovative-io/io-dicom/cmd/compare/main.go:95.10,96.18 1 0
github.com/innovative-io/io-dicom/cmd/compare/main.go:97.15,98.48 1 0
github.com/innovative-io/io-dicom/cmd/compare/main.go:98.48,100.7 1 0
github.com/innovative-io/io-dicom/cmd/compare/main.go:100.12,102.7 1 0
github.com/innovative-io/io-dicom/cmd/compare/main.go:103.13,104.139 1 0
github.com/innovative-io/io-dicom/cmd/compare/main.go:109.2,109.16 1 0
github.com/innovative-io/io-dicom/clients/httpclient/http.go:53.56,57.2 1 0
github.com/innovative-io/io-dicom/clients/httpclient/http.go:60.81,69.16 4 0
github.com/innovative-io/io-dicom/clients/httpclient/http.go:69.16,71.3 1 0
github.com/innovative-io/io-dicom/clients/httpclient/http.go:73.2,75.16 3 0
github.com/innovative-io/io-dicom/clients/httpclient/http.go:75.16,77.3 1 0
github.com/innovative-io/io-dicom/clients/httpclient/http.go:79.2,79.19 1 0
github.com/innovative-io/io-dicom/clients/httpclient/http.go:83.47,85.16 2 0
github.com/innovative-io/io-dicom/clients/httpclient/http.go:85.16,87.3 1 0
github.com/innovative-io/io-dicom/clients/httpclient/http.go:89.2,89.31 1 0
github.com/innovative-io/io-dicom/clients/httpclient/http.go:93.44,95.16 2 0
github.com/innovative-io/io-dicom/clients/httpclient/http.go:95.16,97.3 1 0
github.com/innovative-io/io-dicom/clients/httpclient/http.go:99.2,99.31 1 0
github.com/innovative-io/io-dicom/clients/httpclient/http.go:103.60,105.16 2 0
github.com/innovative-io/io-dicom/clients/httpclient/http.go:105.16,107.3 1 0
github.com/innovative-io/io-dicom/clients/httpclient/http.go:108.2,108.31 1 0
github.com/innovative-io/io-dicom/clients/httpclient/http.go:112.59,114.16 2 0
github.com/innovative-io/io-dicom/clients/httpclient/http.go:114.16,116.3 1 0
github.com/innovative-io/io-dicom/clients/httpclient/http.go:117.2,117.31 1 0
github.com/innovative-io/io-dicom/clients/httpclient/http.go:121.102,123.2 1 0
github.com/innovative-io/io-dicom/clients/httpclient/http.go:126.102,130.16 4 0
github.com/innovative-io/io-dicom/clients/httpclient/http.go:130.16,132.3 1 0
github.com/innovative-io/io-dicom/clients/httpclient/http.go:134.2,135.16 2 0
github.com/innovative-io/io-dicom/clients/httpclient/http.go:135.16,137.3 1 0
github.com/innovative-io/io-dicom/clients/httpclient/http.go:139.2,142.16 3 0
github.com/innovative-io/io-dicom/clients/httpclient/http.go:142.16,144.3 1 0
github.com/innovative-io/io-dicom/clients/httpclient/http.go:146.2,149.16 3 0
github.com/innovative-io/io-dicom/clients/httpclient/http.go:149.16,151.3 1 0
github.com/innovative-io/io-dicom/clients/httpclient/http.go:152.2,152.31 1 0
github.com/innovative-io/io-dicom/clients/httpclient/http.go:156.129,164.16 7 0
github.com/innovative-io/io-dicom/clients/httpclient/http.go:164.16,166.3 1 0
github.com/innovative-io/io-dicom/clients/httpclient/http.go:168.2,169.16 2 0
github.com/innovative-io/io-dicom/clients/httpclient/http.go:169.16,171.3 1 0
github.com/innovative-io/io-dicom/clients/httpclient/http.go:173.2,176.16 3 0
github.com/innovative-io/io-dicom/clients/httpclient/http.go:176.16,178.3 1 0
github.com/innovative-io/io-dicom/clients/httpclient/http.go:180.2,183.16 3 0
github.com/innovative-io/io-dicom/clients/httpclient/http.go:183.16,185.3 1 0
github.com/innovative-io/io-dicom/clients/httpclient/http.go:186.2,186.31 1 0
github.com/innovative-io/io-dicom/clients/httpclient/http.go:190.58,192.16 2 0
github.com/innovative-io/io-dicom/clients/httpclient/http.go:192.16,194.3 1 0
github.com/innovative-io/io-dicom/clients/httpclient/http.go:195.2,195.31 1 0
github.com/innovative-io/io-dicom/clients/httpclient/http.go:198.58,199.32 1 0
github.com/innovative-io/io-dicom/clients/httpclient/http.go:199.32,201.3 1 0
github.com/innovative-io/io-dicom/clients/httpclient/http.go:202.2,202.46 1 0
github.com/innovative-io/io-dicom/clients/httpclient/http.go:202.46,204.3 1 0
github.com/innovative-io/io-dicom/clients/httpclient/http.go:205.2,205.31 1 0
github.com/innovative-io/io-dicom/clients/httpclient/http.go:205.31,207.3 1 0
github.com/innovative-io/io-dicom/clients/httpclient/http.go:208.2,208.40 1 0
github.com/innovative-io/io-dicom/clients/httpclient/http.go:208.40,210.3 1 0
github.com/innovative-io/io-dicom/clients/httpclient/http.go:211.2,211.40 1 0
github.com/innovative-io/io-dicom/clients/httpclient/http.go:211.40,213.3 1 0
github.com/innovative-io/io-dicom/clients/httpclient/http.go:214.2,214.37 1 0
github.com/innovative-io/io-dicom/clients/httpclient/http.go:214.37,216.3 1 0
github.com/innovative-io/io-dicom/clients/httpclient/http.go:217.2,217.39 1 0
github.com/innovative-io/io-dicom/clients/httpclient/http.go:217.39,219.3 1 0
github.com/innovative-io/io-dicom/clients/httpclient/http.go:220.2,220.43 1 0
github.com/innovative-io/io-dicom/clients/httpclient/http.go:220.43,222.3 1 0
github.com/innovative-io/io-dicom/clients/httpclient/http.go:223.2,223.66 1 0
github.com/innovative-io/io-dicom/clients/httpclient/http.go:223.66,225.3 1 0
github.com/innovative-io/io-dicom/clients/httpclient/http.go:227.2,228.43 2 0
github.com/innovative-io/io-dicom/clients/httpclient/http.go:228.43,230.3 1 0
github.com/innovative-io/io-dicom/clients/httpclient/http.go:231.2,231.35 1 0
github.com/innovative-io/io-dicom/clients/httpclient/http.go:231.35,233.3 1 0
github.com/innovative-io/io-dicom/clients/httpclient/http.go:234.2,234.35 1 0
github.com/innovative-io/io-dicom/clients/httpclient/http.go:237.73,244.26 4 0
github.com/innovative-io/io-dicom/clients/httpclient/http.go:244.26,246.17 2 0
github.com/innovative-io/io-dicom/clients/httpclient/http.go:246.17,248.4 1 0
github.com/innovative-io/io-dicom/clients/httpclient/http.go:249.3,257.4 2 0
github.com/innovative-io/io-dicom/clients/httpclient/http.go:258.8,267.3 2 0
github.com/innovative-io/io-dicom/clients/httpclient/http.go:269.2,270.16 2 0
github.com/innovative-io/io-dicom/clients/httpclient/http.go:270.16,272.3 1 0
github.com/innovative-io/io-dicom/clients/httpclient/http.go:273.2,275.61 2 0
github.com/innovative-io/io-dicom/clients/httpclient/http.go:275.61,277.17 2 0
github.com/innovative-io/io-dicom/clients/httpclient/http.go:277.17,279.4 1 0
github.com/innovative-io/io-dicom/clients/httpclient/http.go:280.3,280.105 1 0
github.com/innovative-io/io-dicom/clients/httpclient/http.go:283.2,284.16 2 0
github.com/innovative-io/io-dicom/clients/httpclient/http.go:284.16,286.3 1 0
github.com/innovative-io/io-dicom/clients/httpclient/http.go:288.2,288.18 1 0
github.com/innovative-io/io-dicom/database/sqlite.go:15.61,17.16 2 0
github.com/innovative-io/io-dicom/database/sqlite.go:17.16,19.3 1 0
github.com/innovative-io/io-dicom/database/sqlite.go:21.2,21.29 1 0
github.com/innovative-io/io-dicom/database/sqlite.go:24.66,26.2 1 0
github.com/innovative-io/io-dicom/database/sqlite.go:28.64,30.2 1 0
github.com/innovative-io/io-dicom/database/sqlite.go:32.65,34.2 1 0
github.com/innovative-io/io-dicom/database/sqlite.go:36.67,38.2 1 0
github.com/innovative-io/io-dicom/database/sqlite.go:40.64,42.2 1 0
github.com/innovative-io/io-dicom/codecs/internal/backendmgr/manager.go:37.60,47.2 3 0
github.com/innovative-io/io-dicom/codecs/internal/backendmgr/manager.go:50.68,51.16 1 0
github.com/innovative-io/io-dicom/codecs/internal/backendmgr/manager.go:51.16,53.3 1 0
github.com/innovative-io/io-dicom/codecs/internal/backendmgr/manager.go:54.2,54.20 1 0
github.com/innovative-io/io-dicom/codecs/internal/backendmgr/manager.go:54.20,56.3 1 0
github.com/innovative-io/io-dicom/codecs/internal/backendmgr/manager.go:57.2,59.44 3 0
github.com/innovative-io/io-dicom/codecs/internal/backendmgr/manager.go:59.44,61.3 1 0
github.com/innovative-io/io-dicom/codecs/internal/backendmgr/manager.go:62.2,63.12 2 0
github.com/innovative-io/io-dicom/codecs/internal/backendmgr/manager.go:67.45,71.13 4 0
github.com/innovative-io/io-dicom/codecs/internal/backendmgr/manager.go:71.13,73.3 1 0
github.com/innovative-io/io-dicom/codecs/internal/backendmgr/manager.go:74.2,75.25 2 0
github.com/innovative-io/io-dicom/codecs/internal/backendmgr/manager.go:75.25,77.3 1 0
github.com/innovative-io/io-dicom/codecs/internal/backendmgr/manager.go:78.2,80.12 3 0
github.com/innovative-io/io-dicom/codecs/internal/backendmgr/manager.go:85.37,90.2 4 0
github.com/innovative-io/io-dicom/codecs/internal/backendmgr/manager.go:93.30,98.2 4 0
github.com/innovative-io/io-dicom/codecs/internal/backendmgr/manager.go:101.33,105.2 3 0
github.com/innovative-io/io-dicom/codecs/internal/backendmgr/manager.go:108.43,112.2 3 0
github.com/innovative-io/io-dicom/codecs/internal/backendmgr/manager.go:115.43,119.32 4 0
github.com/innovative-io/io-dicom/codecs/internal/backendmgr/manager.go:119.32,121.3 1 0
github.com/innovative-io/io-dicom/codecs/internal/backendmgr/manager.go:122.2,123.14 2 0
github.com/innovative-io/io-dicom/codecs/internal/backendmgr/manager.go:127.50,129.27 2 0
github.com/innovative-io/io-dicom/codecs/internal/backendmgr/manager.go:129.27,132.55 3 0
github.com/innovative-io/io-dicom/codecs/internal/backendmgr/manager.go:132.55,134.4 1 0
github.com/innovative-io/io-dicom/codecs/internal/backendmgr/manager.go:135.3,135.13 1 0
github.com/innovative-io/io-dicom/codecs/internal/backendmgr/manager.go:137.2,139.13 3 0
github.com/innovative-io/io-dicom/codecs/internal/backendmgr/manager.go:139.13,141.3 1 0
github.com/innovative-io/io-dicom/codecs/internal/backendmgr/manager.go:142.2,143.25 2 0
github.com/innovative-io/io-dicom/codecs/internal/backendmgr/manager.go:143.25,145.3 1 0
github.com/innovative-io/io-dicom/codecs/internal/backendmgr/manager.go:146.2,146.54 1 0
github.com/innovative-io/io-dicom/codecs/internal/backendmgr/manager.go:146.54,148.3 1 0
github.com/innovative-io/io-dicom/codecs/internal/backendmgr/manager.go:149.2,149.12 1 0
github.com/innovative-io/io-dicom/codecs/internal/backendmgr/manager.go:154.38,158.36 4 0
github.com/innovative-io/io-dicom/codecs/internal/backendmgr/manager.go:158.36,160.3 1 0
github.com/innovative-io/io-dicom/codecs/internal/backendmgr/manager.go:161.2,162.20 2 0
github.com/innovative-io/io-dicom/codecs/internal/backendmgr/manager.go:162.20,164.3 1 0
github.com/innovative-io/io-dicom/codecs/internal/backendmgr/manager.go:165.2,166.25 2 0
github.com/innovative-io/io-dicom/codecs/internal/backendmgr/manager.go:166.25,168.3 1 0
github.com/innovative-io/io-dicom/codecs/internal/backendmgr/manager.go:169.2,170.27 2 0
github.com/innovative-io/io-dicom/codecs/internal/backendmgr/manager.go:173.47,175.32 2 0
github.com/innovative-io/io-dicom/codecs/internal/backendmgr/manager.go:175.32,176.32 1 0
github.com/innovative-io/io-dicom/codecs/internal/backendmgr/manager.go:176.32,177.12 1 0
github.com/innovative-io/io-dicom/codecs/internal/backendmgr/manager.go:179.3,179.42 1 0
github.com/innovative-io/io-dicom/codecs/internal/backendmgr/manager.go:181.2,181.27 1 0
github.com/innovative-io/io-dicom/codecs/internal/backendmgr/manager.go:181.27,183.3 1 0
github.com/innovative-io/io-dicom/codecs/internal/backendmgr/manager.go:184.2,184.23 1 0
github.com/innovative-io/io-dicom/tools/generate_transfer_syntax_support_matrix.go:11.13,13.16 2 0
github.com/innovative-io/io-dicom/tools/generate_transfer_syntax_support_matrix.go:13.16,16.3 2 0
github.com/innovative-io/io-dicom/tools/generate_transfer_syntax_support_matrix.go:18.2,34.27 3 0
github.com/innovative-io/io-dicom/tools/generate_transfer_syntax_support_matrix.go:34.27,35.76 1 0
github.com/innovative-io/io-dicom/tools/generate_transfer_syntax_support_matrix.go:35.76,38.4 2 0
github.com/innovative-io/io-dicom/tools/generate_transfer_syntax_support_matrix.go:39.3,39.37 1 0
github.com/innovative-io/io-dicom/cmd/utilities/main.go:39.13,46.2 6 0
github.com/innovative-io/io-dicom/cmd/utilities/main.go:49.30,51.16 2 0
github.com/innovative-io/io-dicom/cmd/utilities/main.go:51.16,53.3 1 0
github.com/innovative-io/io-dicom/cmd/utilities/main.go:54.2,54.6 1 0
github.com/innovative-io/io-dicom/cmd/utilities/main.go:54.6,55.66 1 0
github.com/innovative-io/io-dicom/cmd/utilities/main.go:55.66,57.4 1 0
github.com/innovative-io/io-dicom/cmd/utilities/main.go:58.3,59.20 2 0
github.com/innovative-io/io-dicom/cmd/utilities/main.go:59.20,61.4 1 0
github.com/innovative-io/io-dicom/cmd/utilities/main.go:62.3,62.15 1 0
github.com/innovative-io/io-dicom/cmd/utilities/main.go:66.68,72.16 4 0
github.com/innovative-io/io-dicom/cmd/utilities/main.go:72.16,74.3 1 0
github.com/innovative-io/io-dicom/cmd/utilities/main.go:76.2,78.16 3 0
github.com/innovative-io/io-dicom/cmd/utilities/main.go:78.16,80.3 1 0
github.com/innovative-io/io-dicom/cmd/utilities/main.go:81.2,81.29 1 0
github.com/innovative-io/io-dicom/cmd/utilities/main.go:84.67,86.16 2 0
github.com/innovative-io/io-dicom/cmd/utilities/main.go:86.16,88.3 1 0
github.com/innovative-io/io-dicom/cmd/utilities/main.go:89.2,97.27 6 0
github.com/innovative-io/io-dicom/cmd/utilities/main.go:97.27,98.34 1 0
github.com/innovative-io/io-dicom/cmd/utilities/main.go:98.34,99.12 1 0
github.com/innovative-io/io-dicom/cmd/utilities/main.go:101.3,110.18 10 0
github.com/innovative-io/io-dicom/cmd/utilities/main.go:113.2,114.35 2 0
github.com/innovative-io/io-dicom/cmd/utilities/main.go:114.35,116.3 1 0
github.com/innovative-io/io-dicom/cmd/utilities/main.go:117.2,119.34 2 0
github.com/innovative-io/io-dicom/cmd/utilities/main.go:119.34,121.3 1 0
github.com/innovative-io/io-dicom/cmd/utilities/main.go:124.59,126.16 2 0
github.com/innovative-io/io-dicom/cmd/utilities/main.go:126.16,128.3 1 0
github.com/innovative-io/io-dicom/cmd/utilities/main.go:129.2,137.27 6 0
github.com/innovative-io/io-dicom/cmd/utilities/main.go:137.27,138.77 1 0
github.com/innovative-io/io-dicom/cmd/utilities/main.go:138.77,139.12 1 0
github.com/innovative-io/io-dicom/cmd/utilities/main.go:141.3,153.18 13 0
github.com/innovative-io/io-dicom/cmd/utilities/main.go:156.2,157.32 2 0
github.com/innovative-io/io-dicom/cmd/utilities/main.go:157.32,159.3 1 0
github.com/innovative-io/io-dicom/cmd/utilities/main.go:160.2,162.34 2 0
github.com/innovative-io/io-dicom/cmd/utilities/main.go:162.34,164.3 1 0
github.com/innovative-io/io-dicom/cmd/utilities/main.go:167.64,169.16 2 0
github.com/innovative-io/io-dicom/cmd/utilities/main.go:169.16,171.3 1 0
github.com/innovative-io/io-dicom/cmd/utilities/main.go:172.2,180.27 6 0
github.com/innovative-io/io-dicom/cmd/utilities/main.go:180.27,181.72 1 0
github.com/innovative-io/io-dicom/cmd/utilities/main.go:181.72,182.12 1 0
github.com/innovative-io/io-dicom/cmd/utilities/main.go:184.3,193.18 10 0
github.com/innovative-io/io-dicom/cmd/utilities/main.go:196.2,197.38 2 0
github.com/innovative-io/io-dicom/cmd/utilities/main.go:197.38,199.3 1 0
github.com/innovative-io/io-dicom/cmd/utilities/main.go:200.2,202.34 2 0
github.com/innovative-io/io-dicom/cmd/utilities/main.go:202.34,204.3 1 0
github.com/innovative-io/io-dicom/cmd/utilities/main.go:207.70,209.16 2 0
github.com/innovative-io/io-dicom/cmd/utilities/main.go:209.16,211.3 1 0
github.com/innovative-io/io-dicom/cmd/utilities/main.go:212.2,220.27 6 0
github.com/innovative-io/io-dicom/cmd/utilities/main.go:220.27,221.36 1 0
github.com/innovative-io/io-dicom/cmd/utilities/main.go:221.36,222.12 1 0
github.com/innovative-io/io-dicom/cmd/utilities/main.go:224.3,234.18 11 0
github.com/innovative-io/io-dicom/cmd/utilities/main.go:237.2,238.38 2 0
github.com/innovative-io/io-dicom/cmd/utilities/main.go:238.38,240.3 1 0
github.com/innovative-io/io-dicom/cmd/utilities/main.go:241.2,243.34 2 0
github.com/innovative-io/io-dicom/cmd/utilities/main.go:243.34,245.3 1 0
github.com/innovative-io/io-dicom/dimse/c_echo.go:14.53,16.2 1 0
github.com/innovative-io/io-dicom/dimse/c_echo.go:19.49,24.30 4 0
github.com/innovative-io/io-dicom/dimse/c_echo.go:24.30,26.3 1 0
github.com/innovative-io/io-dicom/dimse/c_echo.go:28.2,36.36 7 0
github.com/innovative-io/io-dicom/dimse/c_echo.go:40.49,42.16 2 0
github.com/innovative-io/io-dicom/dimse/c_echo.go:42.16,44.3 1 0
github.com/innovative-io/io-dicom/dimse/c_echo.go:45.2,45.68 1 0
github.com/innovative-io/io-dicom/dimse/c_echo.go:45.68,46.56 1 0
github.com/innovative-io/io-dicom/dimse/c_echo.go:46.56,48.4 1 0
github.com/innovative-io/io-dicom/dimse/c_echo.go:50.2,50.12 1 0
github.com/innovative-io/io-dicom/dimse/c_echo.go:54.80,60.27 5 0
github.com/innovative-io/io-dicom/dimse/c_echo.go:60.27,61.31 1 0
github.com/innovative-io/io-dicom/dimse/c_echo.go:61.31,63.4 1 0
github.com/innovative-io/io-dicom/dimse/c_echo.go:65.3,75.38 10 0
github.com/innovative-io/io-dicom/dimse/c_echo.go:77.2,77.50 1 0
github.com/innovative-io/io-dicom/dimse/c_find.go:15.76,20.30 4 0
github.com/innovative-io/io-dicom/dimse/c_find.go:20.30,22.3 1 0
github.com/innovative-io/io-dicom/dimse/c_find.go:24.2,33.52 8 0
github.com/innovative-io/io-dicom/dimse/c_find.go:33.52,35.3 1 0
github.com/innovative-io/io-dicom/dimse/c_find.go:36.2,36.33 1 0
github.com/innovative-io/io-dicom/dimse/c_find.go:40.78,42.16 2 0
github.com/innovative-io/io-dicom/dimse/c_find.go:42.16,44.3 1 0
github.com/innovative-io/io-dicom/dimse/c_find.go:47.2,47.83 1 0
github.com/innovative-io/io-dicom/dimse/c_find.go:47.83,48.70 1 0
github.com/innovative-io/io-dicom/dimse/c_find.go:48.70,50.18 2 0
github.com/innovative-io/io-dicom/dimse/c_find.go:50.18,52.5 1 0
github.com/innovative-io/io-dicom/dimse/c_find.go:53.4,53.74 1 0
github.com/innovative-io/io-dicom/dimse/c_find.go:55.3,55.61 1 0
github.com/innovative-io/io-dicom/dimse/c_find.go:57.2,57.91 1 0
github.com/innovative-io/io-dicom/dimse/c_find.go:61.137,67.36 4 0
github.com/innovative-io/io-dicom/dimse/c_find.go:67.36,69.3 1 0
github.com/innovative-io/io-dicom/dimse/c_find.go:71.2,73.27 3 0
github.com/innovative-io/io-dicom/dimse/c_find.go:73.27,74.31 1 0
github.com/innovative-io/io-dicom/dimse/c_find.go:74.31,76.4 1 0
github.com/innovative-io/io-dicom/dimse/c_find.go:78.3,88.61 9 0
github.com/innovative-io/io-dicom/dimse/c_find.go:88.61,90.4 1 0
github.com/innovative-io/io-dicom/dimse/c_find.go:92.3,92.37 1 0
github.com/innovative-io/io-dicom/dimse/c_find.go:92.37,94.4 1 0
github.com/innovative-io/io-dicom/dimse/c_find.go:95.3,95.13 1 0
github.com/innovative-io/io-dicom/dimse/c_find.go:97.2,97.66 1 0
github.com/innovative-io/io-dicom/dimse/c_move.go:15.103,19.37 3 0
github.com/innovative-io/io-dicom/dimse/c_move.go:19.37,21.3 1 0
github.com/innovative-io/io-dicom/dimse/c_move.go:23.2,25.30 3 0
github.com/innovative-io/io-dicom/dimse/c_move.go:25.30,27.3 1 0
github.com/innovative-io/io-dicom/dimse/c_move.go:29.2,39.52 9 0
github.com/innovative-io/io-dicom/dimse/c_move.go:39.52,41.3 1 0
github.com/innovative-io/io-dicom/dimse/c_move.go:42.2,42.33 1 0
github.com/innovative-io/io-dicom/dimse/c_move.go:46.92,49.16 3 0
github.com/innovative-io/io-dicom/dimse/c_move.go:49.16,51.3 1 0
github.com/innovative-io/io-dicom/dimse/c_move.go:53.2,53.83 1 0
github.com/innovative-io/io-dicom/dimse/c_move.go:53.83,54.70 1 0
github.com/innovative-io/io-dicom/dimse/c_move.go:54.70,56.18 2 0
github.com/innovative-io/io-dicom/dimse/c_move.go:56.18,58.5 1 0
github.com/innovative-io/io-dicom/dimse/c_move.go:59.4,61.39 3 0
github.com/innovative-io/io-dicom/dimse/c_move.go:63.3,64.16 2 0
github.com/innovative-io/io-dicom/dimse/c_move.go:67.2,67.25 1 0
github.com/innovative-io/io-dicom/dimse/c_move.go:71.118,78.27 5 0
github.com/innovative-io/io-dicom/dimse/c_move.go:78.27,79.31 1 0
github.com/innovative-io/io-dicom/dimse/c_move.go:79.31,81.4 1 0
github.com/innovative-io/io-dicom/dimse/c_move.go:83.3,94.45 10 0
github.com/innovative-io/io-dicom/dimse/c_move.go:96.2,96.51 1 0
github.com/innovative-io/io-dicom/dimse/c_store.go:15.77,20.30 4 0
github.com/innovative-io/io-dicom/dimse/c_store.go:20.30,22.3 1 0
github.com/innovative-io/io-dicom/dimse/c_store.go:24.2,28.33 4 0
github.com/innovative-io/io-dicom/dimse/c_store.go:28.33,31.3 2 0
github.com/innovative-io/io-dicom/dimse/c_store.go:33.2,40.30 7 0
github.com/innovative-io/io-dicom/dimse/c_store.go:40.30,42.3 1 0
github.com/innovative-io/io-dicom/dimse/c_store.go:44.2,44.52 1 0
github.com/innovative-io/io-dicom/dimse/c_store.go:44.52,46.3 1 0
github.com/innovative-io/io-dicom/dimse/c_store.go:47.2,47.33 1 0
github.com/innovative-io/io-dicom/dimse/c_store.go:51.60,53.16 2 0
github.com/innovative-io/io-dicom/dimse/c_store.go:53.16,55.3 1 0
github.com/innovative-io/io-dicom/dimse/c_store.go:57.2,57.69 1 0
github.com/innovative-io/io-dicom/dimse/c_store.go:57.69,59.3 1 0
github.com/innovative-io/io-dicom/dimse/c_store.go:60.2,60.87 1 0
github.com/innovative-io/io-dicom/dimse/c_store.go:64.103,70.27 5 0
github.com/innovative-io/io-dicom/dimse/c_store.go:70.27,71.31 1 0
github.com/innovative-io/io-dicom/dimse/c_store.go:71.31,73.4 1 0
github.com/innovative-io/io-dicom/dimse/c_store.go:75.3,77.31 3 0
github.com/innovative-io/io-dicom/dimse/c_store.go:77.31,78.35 1 0
github.com/innovative-io/io-dicom/dimse/c_store.go:78.35,80.5 1 0
github.com/innovative-io/io-dicom/dimse/c_store.go:82.4,92.46 10 0
github.com/innovative-io/io-dicom/dimse/c_store.go:95.2,95.52 1 0
github.com/innovative-io/io-dicom/dimse/command.go:8.49,11.63 2 0
github.com/innovative-io/io-dicom/dimse/command.go:11.63,12.44 1 0
github.com/innovative-io/io-dicom/dimse/command.go:12.44,14.4 1 0
github.com/innovative-io/io-dicom/dimse/command.go:19.2,19.68 1 0
github.com/innovative-io/io-dicom/dimse/command.go:19.68,21.3 1 0
github.com/innovative-io/io-dicom/dimse/command.go:23.2,23.11 1 0
github.com/innovative-io/io-dicom/cmd/io-dicom/main.go:22.13,51.15 18 0
github.com/innovative-io/io-dicom/cmd/io-dicom/main.go:51.15,52.23 1 0
github.com/innovative-io/io-dicom/cmd/io-dicom/main.go:52.23,54.4 1 0
github.com/innovative-io/io-dicom/cmd/io-dicom/main.go:56.3,56.22 1 0
github.com/innovative-io/io-dicom/cmd/io-dicom/main.go:56.22,58.4 1 0
github.com/innovative-io/io-dicom/cmd/io-dicom/main.go:59.3,61.74 2 0
github.com/innovative-io/io-dicom/cmd/io-dicom/main.go:61.74,64.4 2 0
github.com/innovative-io/io-dicom/cmd/io-dicom/main.go:66.3,66.137 1 0
github.com/innovative-io/io-dicom/cmd/io-dicom/main.go:66.137,69.28 3 0
github.com/innovative-io/io-dicom/cmd/io-dicom/main.go:69.28,71.5 1 0
github.com/innovative-io/io-dicom/cmd/io-dicom/main.go:72.4,72.39 1 0
github.com/innovative-io/io-dicom/cmd/io-dicom/main.go:75.3,75.113 1 0
github.com/innovative-io/io-dicom/cmd/io-dicom/main.go:75.113,78.4 2 0
github.com/innovative-io/io-dicom/cmd/io-dicom/main.go:80.3,80.95 1 0
github.com/innovative-io/io-dicom/cmd/io-dicom/main.go:80.95,88.18 6 0
github.com/innovative-io/io-dicom/cmd/io-dicom/main.go:88.18,90.5 1 0
github.com/innovative-io/io-dicom/cmd/io-dicom/main.go:91.4,91.30 1 0
github.com/innovative-io/io-dicom/cmd/io-dicom/main.go:94.3,96.40 3 0
github.com/innovative-io/io-dicom/cmd/io-dicom/main.go:96.40,98.4 1 0
github.com/innovative-io/io-dicom/cmd/io-dicom/main.go:99.3,99.9 1 0
github.com/innovative-io/io-dicom/cmd/io-dicom/main.go:102.2,114.12 2 0
github.com/innovative-io/io-dicom/cmd/io-dicom/main.go:114.12,117.17 3 0
github.com/innovative-io/io-dicom/cmd/io-dicom/main.go:117.17,119.4 1 0
github.com/innovative-io/io-dicom/cmd/io-dicom/main.go:120.3,120.38 1 0
github.com/innovative-io/io-dicom/cmd/io-dicom/main.go:122.2,122.12 1 0
github.com/innovative-io/io-dicom/cmd/io-dicom/main.go:122.12,125.55 3 0
github.com/innovative-io/io-dicom/cmd/io-dicom/main.go:125.55,128.4 2 0
github.com/innovative-io/io-dicom/cmd/io-dicom/main.go:130.3,131.17 2 0
github.com/innovative-io/io-dicom/cmd/io-dicom/main.go:131.17,133.4 1 0
github.com/innovative-io/io-dicom/cmd/io-dicom/main.go:135.3,137.9 3 0
github.com/innovative-io/io-dicom/cmd/io-dicom/main.go:139.2,139.12 1 0
github.com/innovative-io/io-dicom/cmd/io-dicom/main.go:139.12,140.27 1 0
github.com/innovative-io/io-dicom/cmd/io-dicom/main.go:140.27,142.4 1 0
github.com/innovative-io/io-dicom/cmd/io-dicom/main.go:143.3,143.22 1 0
github.com/innovative-io/io-dicom/cmd/io-dicom/main.go:143.22,145.4 1 0
github.com/innovative-io/io-dicom/cmd/io-dicom/main.go:147.3,151.17 4 0
github.com/innovative-io/io-dicom/cmd/io-dicom/main.go:151.17,153.4 1 0
github.com/innovative-io/io-dicom/cmd/io-dicom/main.go:154.3,155.9 2 0
github.com/innovative-io/io-dicom/cmd/io-dicom/main.go:157.2,157.13 1 0
github.com/innovative-io/io-dicom/cmd/io-dicom/main.go:157.13,158.22 1 0
github.com/innovative-io/io-dicom/cmd/io-dicom/main.go:158.22,160.4 1 0
github.com/innovative-io/io-dicom/cmd/io-dicom/main.go:161.3,163.17 3 0
github.com/innovative-io/io-dicom/cmd/io-dicom/main.go:163.17,165.4 1 0
github.com/innovative-io/io-dicom/cmd/io-dicom/main.go:166.3,167.9 2 0
github.com/innovative-io/io-dicom/cmd/io-dicom/main.go:169.2,169.11 1 0
github.com/innovative-io/io-dicom/cmd/io-dicom/main.go:169.11,170.22 1 0
github.com/innovative-io/io-dicom/cmd/io-dicom/main.go:170.22,172.4 1 0
github.com/innovative-io/io-dicom/cmd/io-dicom/main.go:173.3,174.17 2 0
github.com/innovative-io/io-dicom/cmd/io-dicom/main.go:174.17,176.4 1 0
github.com/innovative-io/io-dicom/cmd/io-dicom/main.go:177.3,178.9 2 0
github.com/innovative-io/io-dicom/dictionary/sopclass/uids.go:10.49,11.33 1 1
github.com/innovative-io/io-dicom/dictionary/sopclass/uids.go:11.33,12.23 1 1
github.com/innovative-io/io-dicom/dictionary/sopclass/uids.go:12.23,14.4 1 1
github.com/innovative-io/io-dicom/dictionary/sopclass/uids.go:16.2,16.12 1 1
github.com/innovative-io/io-dicom/dictionary/sopclass/uids.go:19.47,20.33 1 1
github.com/innovative-io/io-dicom/dictionary/sopclass/uids.go:20.33,21.21 1 1
github.com/innovative-io/io-dicom/dictionary/sopclass/uids.go:21.21,23.4 1 1
github.com/innovative-io/io-dicom/dictionary/sopclass/uids.go:25.2,25.12 1 1
github.com/innovative-io/io-dicom/utils/dicom_requests.go:12.46,29.2 16 0
github.com/innovative-io/io-dicom/utils/dicom_requests.go:32.61,46.2 13 0
github.com/innovative-io/io-dicom/utils/dicom_requests.go:49.47,67.2 17 0
github.com/innovative-io/io-dicom/dictionary/tags/uids.go:13.39,14.27 1 1
github.com/innovative-io/io-dicom/dictionary/tags/uids.go:14.27,15.23 1 1
github.com/innovative-io/io-dicom/dictionary/tags/uids.go:15.23,17.4 1 1
github.com/innovative-io/io-dicom/dictionary/tags/uids.go:19.2,19.15 1 1
github.com/innovative-io/io-dicom/dictionary/tags/uids.go:23.48,24.27 1 1
github.com/innovative-io/io-dicom/dictionary/tags/uids.go:24.27,25.51 1 1
github.com/innovative-io/io-dicom/dictionary/tags/uids.go:25.51,27.4 1 1
github.com/innovative-io/io-dicom/dictionary/tags/uids.go:29.2,29.15 1 1
github.com/innovative-io/io-dicom/dictionary/tags/uids.go:33.23,35.2 1 0
github.com/innovative-io/io-dicom/dictionary/tags/uids.go:37.66,38.27 1 0
github.com/innovative-io/io-dicom/dictionary/tags/uids.go:38.27,39.23 1 0
github.com/innovative-io/io-dicom/dictionary/tags/uids.go:39.23,41.4 1 0
github.com/innovative-io/io-dicom/dictionary/tags/uids.go:43.2,43.13 1 0
github.com/innovative-io/io-dicom/dictionary/transfersyntax/conformance_matrix.go:32.66,33.22 1 1
github.com/innovative-io/io-dicom/dictionary/transfersyntax/conformance_matrix.go:34.61,35.21 1 1
github.com/innovative-io/io-dicom/dictionary/transfersyntax/conformance_matrix.go:36.37,37.39 1 1
github.com/innovative-io/io-dicom/dictionary/transfersyntax/conformance_matrix.go:38.36,39.23 1 0
github.com/innovative-io/io-dicom/dictionary/transfersyntax/conformance_matrix.go:40.10,41.30 1 0
github.com/innovative-io/io-dicom/dictionary/transfersyntax/conformance_matrix.go:45.77,46.85 1 1
github.com/innovative-io/io-dicom/dictionary/transfersyntax/conformance_matrix.go:46.85,48.3 1 1
github.com/innovative-io/io-dicom/dictionary/transfersyntax/conformance_matrix.go:50.2,51.23 2 1
github.com/innovative-io/io-dicom/dictionary/transfersyntax/conformance_matrix.go:51.23,53.3 1 0
github.com/innovative-io/io-dicom/dictionary/transfersyntax/conformance_matrix.go:54.2,55.18 2 1
github.com/innovative-io/io-dicom/dictionary/transfersyntax/conformance_matrix.go:55.18,57.3 1 1
github.com/innovative-io/io-dicom/dictionary/transfersyntax/conformance_matrix.go:58.2,58.52 1 1
github.com/innovative-io/io-dicom/dictionary/transfersyntax/conformance_matrix.go:127.43,140.42 12 1
github.com/innovative-io/io-dicom/dictionary/transfersyntax/conformance_matrix.go:140.42,141.23 1 1
github.com/innovative-io/io-dicom/dictionary/transfersyntax/conformance_matrix.go:141.23,142.12 1 1
github.com/innovative-io/io-dicom/dictionary/transfersyntax/conformance_matrix.go:144.3,144.208 1 1
github.com/innovative-io/io-dicom/dictionary/transfersyntax/conformance_matrix.go:147.2,150.42 4 1
github.com/innovative-io/io-dicom/dictionary/transfersyntax/conformance_matrix.go:150.42,151.22 1 1
github.com/innovative-io/io-dicom/dictionary/transfersyntax/conformance_matrix.go:151.22,152.12 1 1
github.com/innovative-io/io-dicom/dictionary/transfersyntax/conformance_matrix.go:154.3,154.129 1 1
github.com/innovative-io/io-dicom/dictionary/transfersyntax/conformance_matrix.go:157.2,166.25 9 1
github.com/innovative-io/io-dicom/dictionary/transfersyntax/conformance_matrix.go:169.47,172.74 2 1
github.com/innovative-io/io-dicom/dictionary/transfersyntax/conformance_matrix.go:172.74,178.43 5 1
github.com/innovative-io/io-dicom/dictionary/transfersyntax/conformance_matrix.go:178.43,179.73 1 1
github.com/innovative-io/io-dicom/dictionary/transfersyntax/conformance_matrix.go:179.73,180.13 1 1
github.com/innovative-io/io-dicom/dictionary/transfersyntax/conformance_matrix.go:182.4,183.11 2 1
github.com/innovative-io/io-dicom/dictionary/transfersyntax/conformance_matrix.go:186.3,186.17 1 1
github.com/innovative-io/io-dicom/dictionary/transfersyntax/conformance_matrix.go:186.17,188.4 1 1
github.com/innovative-io/io-dicom/dictionary/transfersyntax/conformance_matrix.go:189.3,189.28 1 1
github.com/innovative-io/io-dicom/dictionary/transfersyntax/conformance_matrix.go:192.2,192.80 1 1
github.com/innovative-io/io-dicom/dictionary/transfersyntax/conformance_matrix.go:192.80,198.43 5 1
github.com/innovative-io/io-dicom/dictionary/transfersyntax/conformance_matrix.go:198.43,199.68 1 1
github.com/innovative-io/io-dicom/dictionary/transfersyntax/conformance_matrix.go:199.68,200.13 1 1
github.com/innovative-io/io-dicom/dictionary/transfersyntax/conformance_matrix.go:202.4,203.11 2 1
github.com/innovative-io/io-dicom/dictionary/transfersyntax/conformance_matrix.go:206.3,206.17 1 1
github.com/innovative-io/io-dicom/dictionary/transfersyntax/conformance_matrix.go:206.17,208.4 1 1
github.com/innovative-io/io-dicom/dictionary/transfersyntax/conformance_matrix.go:209.3,209.28 1 1
github.com/innovative-io/io-dicom/dictionary/transfersyntax/conformance_matrix.go:212.2,234.25 20 1
github.com/innovative-io/io-dicom/dictionary/transfersyntax/uids.go:56.61,57.38 1 1
github.com/innovative-io/io-dicom/dictionary/transfersyntax/uids.go:57.38,58.22 1 1
github.com/innovative-io/io-dicom/dictionary/transfersyntax/uids.go:58.22,60.4 1 1
github.com/innovative-io/io-dicom/dictionary/transfersyntax/uids.go:62.2,62.12 1 1
github.com/innovative-io/io-dicom/dictionary/transfersyntax/uids.go:65.59,66.38 1 1
github.com/innovative-io/io-dicom/dictionary/transfersyntax/uids.go:66.38,67.20 1 1
github.com/innovative-io/io-dicom/dictionary/transfersyntax/uids.go:67.20,69.4 1 1
github.com/innovative-io/io-dicom/dictionary/transfersyntax/uids.go:72.2,73.38 2 1
github.com/innovative-io/io-dicom/dictionary/transfersyntax/uids.go:73.38,74.20 1 1
github.com/innovative-io/io-dicom/dictionary/transfersyntax/uids.go:74.20,76.4 1 0
github.com/innovative-io/io-dicom/dictionary/transfersyntax/uids.go:78.2,78.12 1 1
github.com/innovative-io/io-dicom/dictionary/transfersyntax/uids.go:81.47,82.47 1 1
github.com/innovative-io/io-dicom/dictionary/transfersyntax/uids.go:82.47,83.20 1 1
github.com/innovative-io/io-dicom/dictionary/transfersyntax/uids.go:83.20,85.4 1 1
github.com/innovative-io/io-dicom/dictionary/transfersyntax/uids.go:87.2,87.14 1 1
github.com/innovative-io/io-dicom/implementation/dicom_implementation.go:20.48,28.2 4 1
github.com/innovative-io/io-dicom/implementation/dicom_implementation.go:30.72,38.2 4 1
github.com/innovative-io/io-dicom/implementation/dicom_implementation.go:40.41,44.14 4 1
github.com/innovative-io/io-dicom/implementation/dicom_implementation.go:44.14,46.3 1 0
github.com/innovative-io/io-dicom/implementation/dicom_implementation.go:47.2,47.24 1 1
github.com/innovative-io/io-dicom/implementation/dicom_implementation.go:50.40,54.14 4 1
github.com/innovative-io/io-dicom/implementation/dicom_implementation.go:54.14,56.3 1 0
github.com/innovative-io/io-dicom/implementation/dicom_implementation.go:57.2,57.23 1 1
github.com/innovative-io/io-dicom/implementation/dicom_implementation.go:60.52,61.22 1 1
github.com/innovative-io/io-dicom/implementation/dicom_implementation.go:61.22,65.3 3 1
github.com/innovative-io/io-dicom/implementation/dicom_implementation.go:66.2,66.19 1 1
github.com/innovative-io/io-dicom/implementation/dicom_implementation.go:69.51,70.22 1 1
github.com/innovative-io/io-dicom/implementation/dicom_implementation.go:70.22,74.3 3 1
github.com/innovative-io/io-dicom/implementation/dicom_implementation.go:75.2,75.18 1 1
github.com/innovative-io/io-dicom/media/dicom_buffer.go:49.36,54.2 1 1
github.com/innovative-io/io-dicom/media/dicom_buffer.go:57.51,62.2 1 1
github.com/innovative-io/io-dicom/media/dicom_buffer.go:65.63,67.16 2 1
github.com/innovative-io/io-dicom/media/dicom_buffer.go:67.16,69.3 1 0
github.com/innovative-io/io-dicom/media/dicom_buffer.go:70.2,73.8 1 1
github.com/innovative-io/io-dicom/media/dicom_buffer.go:76.44,78.2 1 0
github.com/innovative-io/io-dicom/media/dicom_buffer.go:80.43,82.2 1 0
github.com/innovative-io/io-dicom/media/dicom_buffer.go:84.55,86.2 1 1
github.com/innovative-io/io-dicom/media/dicom_buffer.go:88.42,90.2 1 1
github.com/innovative-io/io-dicom/media/dicom_buffer.go:92.50,94.2 1 1
github.com/innovative-io/io-dicom/media/dicom_buffer.go:96.38,98.2 1 1
github.com/innovative-io/io-dicom/media/dicom_buffer.go:100.56,102.2 1 1
github.com/innovative-io/io-dicom/media/dicom_buffer.go:104.49,106.16 2 0
github.com/innovative-io/io-dicom/media/dicom_buffer.go:106.16,108.3 1 0
github.com/innovative-io/io-dicom/media/dicom_buffer.go:109.2,109.18 1 0
github.com/innovative-io/io-dicom/media/dicom_buffer.go:112.53,114.16 2 1
github.com/innovative-io/io-dicom/media/dicom_buffer.go:114.16,116.3 1 0
github.com/innovative-io/io-dicom/media/dicom_buffer.go:117.2,117.18 1 1
github.com/innovative-io/io-dicom/media/dicom_buffer.go:117.18,119.3 1 0
github.com/innovative-io/io-dicom/media/dicom_buffer.go:120.2,120.43 1 1
github.com/innovative-io/io-dicom/media/dicom_buffer.go:123.53,125.16 2 1
github.com/innovative-io/io-dicom/media/dicom_buffer.go:125.16,127.3 1 0
github.com/innovative-io/io-dicom/media/dicom_buffer.go:128.2,128.18 1 1
github.com/innovative-io/io-dicom/media/dicom_buffer.go:128.18,130.3 1 0
github.com/innovative-io/io-dicom/media/dicom_buffer.go:131.2,131.43 1 1
github.com/innovative-io/io-dicom/media/dicom_buffer.go:134.67,136.2 1 1
github.com/innovative-io/io-dicom/media/dicom_buffer.go:138.53,142.32 4 0
github.com/innovative-io/io-dicom/media/dicom_buffer.go:142.32,144.3 1 0
github.com/innovative-io/io-dicom/media/dicom_buffer.go:148.52,152.2 3 0
github.com/innovative-io/io-dicom/media/dicom_buffer.go:155.50,157.18 2 1
github.com/innovative-io/io-dicom/media/dicom_buffer.go:157.18,159.3 1 0
github.com/innovative-io/io-dicom/media/dicom_buffer.go:159.8,161.3 1 1
github.com/innovative-io/io-dicom/media/dicom_buffer.go:162.2,162.22 1 1
github.com/innovative-io/io-dicom/media/dicom_buffer.go:166.50,168.18 2 1
github.com/innovative-io/io-dicom/media/dicom_buffer.go:168.18,170.3 1 0
github.com/innovative-io/io-dicom/media/dicom_buffer.go:170.8,172.3 1 1
github.com/innovative-io/io-dicom/media/dicom_buffer.go:173.2,173.22 1 1
github.com/innovative-io/io-dicom/media/dicom_buffer.go:176.50,178.2 1 0
github.com/innovative-io/io-dicom/media/dicom_buffer.go:181.68,183.16 2 1
github.com/innovative-io/io-dicom/media/dicom_buffer.go:183.16,185.3 1 0
github.com/innovative-io/io-dicom/media/dicom_buffer.go:186.2,187.16 2 1
github.com/innovative-io/io-dicom/media/dicom_buffer.go:187.16,189.3 1 0
github.com/innovative-io/io-dicom/media/dicom_buffer.go:190.2,197.25 3 1
github.com/innovative-io/io-dicom/media/dicom_buffer.go:197.25,199.3 1 1
github.com/innovative-io/io-dicom/media/dicom_buffer.go:201.2,201.68 1 1
github.com/innovative-io/io-dicom/media/dicom_buffer.go:201.68,203.103 2 1
github.com/innovative-io/io-dicom/media/dicom_buffer.go:203.103,205.18 2 1
github.com/innovative-io/io-dicom/media/dicom_buffer.go:205.18,207.5 1 0
github.com/innovative-io/io-dicom/media/dicom_buffer.go:209.4,210.18 2 1
github.com/innovative-io/io-dicom/media/dicom_buffer.go:210.18,212.5 1 0
github.com/innovative-io/io-dicom/media/dicom_buffer.go:214.4,214.23 1 1
github.com/innovative-io/io-dicom/media/dicom_buffer.go:215.9,217.18 2 1
github.com/innovative-io/io-dicom/media/dicom_buffer.go:217.18,219.5 1 0
github.com/innovative-io/io-dicom/media/dicom_buffer.go:220.4,220.31 1 1
github.com/innovative-io/io-dicom/media/dicom_buffer.go:222.8,223.18 1 1
github.com/innovative-io/io-dicom/media/dicom_buffer.go:223.18,225.4 1 1
github.com/innovative-io/io-dicom/media/dicom_buffer.go:226.3,227.17 2 1
github.com/innovative-io/io-dicom/media/dicom_buffer.go:227.17,229.4 1 0
github.com/innovative-io/io-dicom/media/dicom_buffer.go:230.3,230.22 1 1
github.com/innovative-io/io-dicom/media/dicom_buffer.go:233.2,233.53 1 1
github.com/innovative-io/io-dicom/media/dicom_buffer.go:233.53,234.59 1 1
github.com/innovative-io/io-dicom/media/dicom_buffer.go:234.59,236.4 1 1
github.com/innovative-io/io-dicom/media/dicom_buffer.go:236.9,238.4 1 1
github.com/innovative-io/io-dicom/media/dicom_buffer.go:240.2,241.17 2 1
github.com/innovative-io/io-dicom/media/dicom_buffer.go:245.65,248.68 3 1
github.com/innovative-io/io-dicom/media/dicom_buffer.go:248.68,250.103 2 1
github.com/innovative-io/io-dicom/media/dicom_buffer.go:250.103,253.4 2 1
github.com/innovative-io/io-dicom/media/dicom_buffer.go:253.9,255.4 1 1
github.com/innovative-io/io-dicom/media/dicom_buffer.go:256.8,258.3 1 1
github.com/innovative-io/io-dicom/media/dicom_buffer.go:259.2,259.53 1 1
github.com/innovative-io/io-dicom/media/dicom_buffer.go:259.53,261.3 1 1
github.com/innovative-io/io-dicom/media/dicom_buffer.go:265.113,268.19 3 1
github.com/innovative-io/io-dicom/media/dicom_buffer.go:268.19,270.17 2 1
github.com/innovative-io/io-dicom/media/dicom_buffer.go:270.17,272.4 1 1
github.com/innovative-io/io-dicom/media/dicom_buffer.go:272.9,274.4 1 0
github.com/innovative-io/io-dicom/media/dicom_buffer.go:276.2,284.30 2 1
github.com/innovative-io/io-dicom/media/dicom_buffer.go:288.75,294.16 5 1
github.com/innovative-io/io-dicom/media/dicom_buffer.go:294.16,296.3 1 0
github.com/innovative-io/io-dicom/media/dicom_buffer.go:297.2,297.37 1 1
github.com/innovative-io/io-dicom/media/dicom_buffer.go:297.37,299.38 2 1
github.com/innovative-io/io-dicom/media/dicom_buffer.go:299.38,302.32 3 1
github.com/innovative-io/io-dicom/media/dicom_buffer.go:302.32,303.10 1 1
github.com/innovative-io/io-dicom/media/dicom_buffer.go:305.4,305.53 1 1
github.com/innovative-io/io-dicom/media/dicom_buffer.go:305.53,308.5 2 1
github.com/innovative-io/io-dicom/media/dicom_buffer.go:309.4,309.24 1 1
github.com/innovative-io/io-dicom/media/dicom_buffer.go:309.24,311.5 1 1
github.com/innovative-io/io-dicom/media/dicom_buffer.go:314.2,315.28 2 1
github.com/innovative-io/io-dicom/media/dicom_buffer.go:319.100,362.2 22 1
github.com/innovative-io/io-dicom/media/dicom_buffer.go:365.55,366.38 1 1
github.com/innovative-io/io-dicom/media/dicom_buffer.go:366.38,368.17 2 1
github.com/innovative-io/io-dicom/media/dicom_buffer.go:368.17,370.4 1 0
github.com/innovative-io/io-dicom/media/dicom_buffer.go:371.3,371.26 1 1
github.com/innovative-io/io-dicom/media/dicom_buffer.go:371.26,373.4 1 1
github.com/innovative-io/io-dicom/media/dicom_buffer.go:374.3,374.70 1 1
github.com/innovative-io/io-dicom/media/dicom_buffer.go:374.70,376.4 1 1
github.com/innovative-io/io-dicom/media/dicom_buffer.go:377.3,377.15 1 1
github.com/innovative-io/io-dicom/media/dicom_buffer.go:379.2,379.12 1 1
github.com/innovative-io/io-dicom/media/dicom_buffer.go:383.50,387.38 1 1
github.com/innovative-io/io-dicom/media/dicom_buffer.go:387.38,390.3 2 1
github.com/innovative-io/io-dicom/media/dicom_buffer.go:393.57,399.16 5 0
github.com/innovative-io/io-dicom/media/dicom_buffer.go:399.16,401.3 1 0
github.com/innovative-io/io-dicom/media/dicom_buffer.go:402.2,403.12 2 0
github.com/innovative-io/io-dicom/media/dicom_buffer.go:406.45,408.2 1 1
github.com/innovative-io/io-dicom/media/dicom_buffer.go:410.54,413.2 2 1
github.com/innovative-io/io-dicom/media/dicom_dictionary.go:31.57,33.2 1 1
github.com/innovative-io/io-dicom/media/dicom_dictionary.go:35.29,38.34 3 1
github.com/innovative-io/io-dicom/media/dicom_dictionary.go:38.34,40.43 2 1
github.com/innovative-io/io-dicom/media/dicom_dictionary.go:40.43,43.4 2 1
github.com/innovative-io/io-dicom/media/dicom_dictionary.go:48.29,50.20 2 1
github.com/innovative-io/io-dicom/media/dicom_dictionary.go:50.20,52.3 1 1
github.com/innovative-io/io-dicom/media/dicom_dictionary.go:53.2,53.27 1 1
github.com/innovative-io/io-dicom/media/dicom_dictionary.go:53.27,55.3 1 1
github.com/innovative-io/io-dicom/media/dicom_dictionary.go:56.2,56.18 1 1
github.com/innovative-io/io-dicom/media/dicom_dictionary.go:56.18,58.3 1 1
github.com/innovative-io/io-dicom/media/dicom_dictionary.go:59.2,59.18 1 1
github.com/innovative-io/io-dicom/media/dicom_dictionary.go:59.18,61.3 1 1
github.com/innovative-io/io-dicom/media/dicom_dictionary.go:65.63,67.61 2 1
github.com/innovative-io/io-dicom/media/dicom_dictionary.go:67.61,69.3 1 1
github.com/innovative-io/io-dicom/media/dicom_dictionary.go:70.2,77.3 1 0
github.com/innovative-io/io-dicom/media/dicom_dictionary.go:81.59,83.62 2 1
github.com/innovative-io/io-dicom/media/dicom_dictionary.go:83.62,85.3 1 1
github.com/innovative-io/io-dicom/media/dicom_dictionary.go:86.2,86.13 1 0
github.com/innovative-io/io-dicom/media/dicom_dictionary.go:89.30,92.16 3 1
github.com/innovative-io/io-dicom/media/dicom_dictionary.go:92.16,94.3 1 1
github.com/innovative-io/io-dicom/media/dicom_dictionary.go:96.2,98.16 3 0
github.com/innovative-io/io-dicom/media/dicom_dictionary.go:98.16,100.3 1 0
github.com/innovative-io/io-dicom/media/dicom_dictionary.go:102.2,102.30 1 0
github.com/innovative-io/io-dicom/media/dicom_dictionary.go:102.30,104.17 2 0
github.com/innovative-io/io-dicom/media/dicom_dictionary.go:104.17,105.12 1 0
github.com/innovative-io/io-dicom/media/dicom_dictionary.go:107.3,108.17 2 0
github.com/innovative-io/io-dicom/media/dicom_dictionary.go:108.17,109.12 1 0
github.com/innovative-io/io-dicom/media/dicom_dictionary.go:112.3,119.5 1 0
github.com/innovative-io/io-dicom/media/dicom_dictionary.go:124.17,125.21 1 1
github.com/innovative-io/io-dicom/media/dicom_dictionary.go:125.21,129.3 3 1
github.com/innovative-io/io-dicom/media/dicom_json.go:31.35,35.2 1 0
github.com/innovative-io/io-dicom/media/dicom_json.go:38.60,40.2 1 0
github.com/innovative-io/io-dicom/media/dicom_memory_stream.go:38.42,44.2 1 1
github.com/innovative-io/io-dicom/media/dicom_memory_stream.go:47.57,53.2 1 1
github.com/innovative-io/io-dicom/media/dicom_memory_stream.go:56.69,58.16 2 1
github.com/innovative-io/io-dicom/media/dicom_memory_stream.go:58.16,60.3 1 0
github.com/innovative-io/io-dicom/media/dicom_memory_stream.go:62.2,66.8 1 1
github.com/innovative-io/io-dicom/media/dicom_memory_stream.go:69.49,70.28 1 0
github.com/innovative-io/io-dicom/media/dicom_memory_stream.go:70.28,72.3 1 0
github.com/innovative-io/io-dicom/media/dicom_memory_stream.go:73.2,75.15 3 0
github.com/innovative-io/io-dicom/media/dicom_memory_stream.go:78.53,79.30 1 0
github.com/innovative-io/io-dicom/media/dicom_memory_stream.go:79.30,81.3 1 0
github.com/innovative-io/io-dicom/media/dicom_memory_stream.go:82.2,84.40 3 0
github.com/innovative-io/io-dicom/media/dicom_memory_stream.go:87.53,88.30 1 0
github.com/innovative-io/io-dicom/media/dicom_memory_stream.go:88.30,90.3 1 0
github.com/innovative-io/io-dicom/media/dicom_memory_stream.go:91.2,93.40 3 0
github.com/innovative-io/io-dicom/media/dicom_memory_stream.go:96.44,97.28 1 0
github.com/innovative-io/io-dicom/media/dicom_memory_stream.go:97.28,99.3 1 0
github.com/innovative-io/io-dicom/media/dicom_memory_stream.go:100.2,102.20 3 0
github.com/innovative-io/io-dicom/media/dicom_memory_stream.go:105.47,106.30 1 0
github.com/innovative-io/io-dicom/media/dicom_memory_stream.go:106.30,108.3 1 0
github.com/innovative-io/io-dicom/media/dicom_memory_stream.go:109.2,111.45 3 0
github.com/innovative-io/io-dicom/media/dicom_memory_stream.go:114.52,115.36 1 0
github.com/innovative-io/io-dicom/media/dicom_memory_stream.go:115.36,117.3 1 0
github.com/innovative-io/io-dicom/media/dicom_memory_stream.go:118.2,120.12 3 0
github.com/innovative-io/io-dicom/media/dicom_memory_stream.go:123.75,125.49 2 0
github.com/innovative-io/io-dicom/media/dicom_memory_stream.go:125.49,127.3 1 0
github.com/innovative-io/io-dicom/media/dicom_memory_stream.go:128.2,130.12 3 0
github.com/innovative-io/io-dicom/media/dicom_memory_stream.go:133.42,135.2 1 1
github.com/innovative-io/io-dicom/media/dicom_memory_stream.go:137.43,139.2 1 1
github.com/innovative-io/io-dicom/media/dicom_memory_stream.go:141.51,143.2 1 1
github.com/innovative-io/io-dicom/media/dicom_memory_stream.go:145.39,147.2 1 1
github.com/innovative-io/io-dicom/media/dicom_memory_stream.go:149.43,151.2 1 0
github.com/innovative-io/io-dicom/media/dicom_memory_stream.go:154.57,156.33 2 1
github.com/innovative-io/io-dicom/media/dicom_memory_stream.go:156.33,158.3 1 1
github.com/innovative-io/io-dicom/media/dicom_memory_stream.go:159.2,161.20 3 1
github.com/innovative-io/io-dicom/media/dicom_memory_stream.go:164.58,166.16 2 0
github.com/innovative-io/io-dicom/media/dicom_memory_stream.go:166.16,168.3 1 0
github.com/innovative-io/io-dicom/media/dicom_memory_stream.go:170.2,170.20 1 0
github.com/innovative-io/io-dicom/media/dicom_memory_stream.go:170.20,172.3 1 0
github.com/innovative-io/io-dicom/media/dicom_memory_stream.go:174.2,177.19 3 0
github.com/innovative-io/io-dicom/media/dicom_memory_stream.go:181.70,182.16 1 1
github.com/innovative-io/io-dicom/media/dicom_memory_stream.go:182.16,184.3 1 0
github.com/innovative-io/io-dicom/media/dicom_memory_stream.go:186.2,186.22 1 1
github.com/innovative-io/io-dicom/media/dicom_memory_stream.go:186.22,188.3 1 0
github.com/innovative-io/io-dicom/media/dicom_memory_stream.go:190.2,190.38 1 1
github.com/innovative-io/io-dicom/media/dicom_memory_stream.go:190.38,192.3 1 0
github.com/innovative-io/io-dicom/media/dicom_memory_stream.go:194.2,194.20 1 1
github.com/innovative-io/io-dicom/media/dicom_memory_stream.go:194.20,196.3 1 0
github.com/innovative-io/io-dicom/media/dicom_memory_stream.go:198.2,200.27 2 1
github.com/innovative-io/io-dicom/media/dicom_memory_stream.go:200.27,203.3 2 1
github.com/innovative-io/io-dicom/media/dicom_memory_stream.go:205.2,207.22 2 1
github.com/innovative-io/io-dicom/media/dicom_memory_stream.go:207.22,209.3 1 1
github.com/innovative-io/io-dicom/media/dicom_memory_stream.go:210.2,211.19 2 1
github.com/innovative-io/io-dicom/media/dicom_memory_stream.go:215.33,219.2 3 0
github.com/innovative-io/io-dicom/media/dicom_object.go:85.43,87.2 1 1
github.com/innovative-io/io-dicom/media/dicom_object.go:90.42,91.25 1 0
github.com/innovative-io/io-dicom/media/dicom_object.go:91.25,93.3 1 0
github.com/innovative-io/io-dicom/media/dicom_object.go:94.2,95.29 2 0
github.com/innovative-io/io-dicom/media/dicom_object.go:95.29,97.44 2 0
github.com/innovative-io/io-dicom/media/dicom_object.go:97.44,99.4 1 0
github.com/innovative-io/io-dicom/media/dicom_object.go:104.35,113.2 1 1
github.com/innovative-io/io-dicom/media/dicom_object.go:116.62,118.16 2 1
github.com/innovative-io/io-dicom/media/dicom_object.go:118.16,120.3 1 0
github.com/innovative-io/io-dicom/media/dicom_object.go:122.2,122.30 1 1
github.com/innovative-io/io-dicom/media/dicom_object.go:126.59,128.2 1 1
github.com/innovative-io/io-dicom/media/dicom_object.go:130.61,134.16 3 1
github.com/innovative-io/io-dicom/media/dicom_object.go:134.16,136.3 1 0
github.com/innovative-io/io-dicom/media/dicom_object.go:138.2,147.36 2 1
github.com/innovative-io/io-dicom/media/dicom_object.go:147.36,149.3 1 0
github.com/innovative-io/io-dicom/media/dicom_object.go:151.2,151.70 1 1
github.com/innovative-io/io-dicom/media/dicom_object.go:151.70,153.3 1 1
github.com/innovative-io/io-dicom/media/dicom_object.go:153.8,155.3 1 1
github.com/innovative-io/io-dicom/media/dicom_object.go:156.2,156.67 1 1
github.com/innovative-io/io-dicom/media/dicom_object.go:156.67,158.3 1 0
github.com/innovative-io/io-dicom/media/dicom_object.go:159.2,161.78 2 1
github.com/innovative-io/io-dicom/media/dicom_object.go:161.78,163.21 2 1
github.com/innovative-io/io-dicom/media/dicom_object.go:163.21,165.4 1 0
github.com/innovative-io/io-dicom/media/dicom_object.go:167.3,168.17 2 1
github.com/innovative-io/io-dicom/media/dicom_object.go:168.17,170.4 1 0
github.com/innovative-io/io-dicom/media/dicom_object.go:172.3,173.17 2 1
github.com/innovative-io/io-dicom/media/dicom_object.go:173.17,175.4 1 0
github.com/innovative-io/io-dicom/media/dicom_object.go:177.3,179.55 3 1
github.com/innovative-io/io-dicom/media/dicom_object.go:179.55,181.4 1 0
github.com/innovative-io/io-dicom/media/dicom_object.go:182.3,182.23 1 1
github.com/innovative-io/io-dicom/media/dicom_object.go:185.2,185.50 1 1
github.com/innovative-io/io-dicom/media/dicom_object.go:185.50,187.3 1 0
github.com/innovative-io/io-dicom/media/dicom_object.go:189.2,189.22 1 1
github.com/innovative-io/io-dicom/media/dicom_object.go:192.45,194.2 1 1
github.com/innovative-io/io-dicom/media/dicom_object.go:196.54,198.2 1 1
github.com/innovative-io/io-dicom/media/dicom_object.go:200.44,202.2 1 1
github.com/innovative-io/io-dicom/media/dicom_object.go:204.54,206.2 1 1
github.com/innovative-io/io-dicom/media/dicom_object.go:209.40,211.2 1 1
github.com/innovative-io/io-dicom/media/dicom_object.go:214.55,215.41 1 1
github.com/innovative-io/io-dicom/media/dicom_object.go:215.41,217.3 1 0
github.com/innovative-io/io-dicom/media/dicom_object.go:218.2,218.24 1 1
github.com/innovative-io/io-dicom/media/dicom_object.go:221.61,224.2 2 0
github.com/innovative-io/io-dicom/media/dicom_object.go:226.74,229.2 2 0
github.com/innovative-io/io-dicom/media/dicom_object.go:231.58,233.42 2 1
github.com/innovative-io/io-dicom/media/dicom_object.go:233.42,236.3 2 1
github.com/innovative-io/io-dicom/media/dicom_object.go:239.61,241.40 2 1
github.com/innovative-io/io-dicom/media/dicom_object.go:241.40,243.3 1 0
github.com/innovative-io/io-dicom/media/dicom_object.go:244.2,246.20 3 1
github.com/innovative-io/io-dicom/media/dicom_object.go:249.47,251.2 1 1
github.com/innovative-io/io-dicom/media/dicom_object.go:253.43,256.2 2 1
github.com/innovative-io/io-dicom/media/dicom_object.go:258.36,260.31 2 0
github.com/innovative-io/io-dicom/media/dicom_object.go:260.31,262.3 1 0
github.com/innovative-io/io-dicom/media/dicom_object.go:263.2,266.15 4 0
github.com/innovative-io/io-dicom/media/dicom_object.go:269.45,272.31 2 0
github.com/innovative-io/io-dicom/media/dicom_object.go:272.31,274.26 1 0
github.com/innovative-io/io-dicom/media/dicom_object.go:274.26,275.23 1 0
github.com/innovative-io/io-dicom/media/dicom_object.go:276.16,277.43 1 0
github.com/innovative-io/io-dicom/media/dicom_object.go:278.24,278.24 0 0
github.com/innovative-io/io-dicom/media/dicom_object.go:281.4,281.12 1 0
github.com/innovative-io/io-dicom/media/dicom_object.go:284.3,284.21 1 0
github.com/innovative-io/io-dicom/media/dicom_object.go:284.21,286.69 2 0
github.com/innovative-io/io-dicom/media/dicom_object.go:286.69,288.5 1 0
github.com/innovative-io/io-dicom/media/dicom_object.go:289.4,289.12 1 0
github.com/innovative-io/io-dicom/media/dicom_object.go:292.3,292.51 1 0
github.com/innovative-io/io-dicom/media/dicom_object.go:292.51,294.12 2 0
github.com/innovative-io/io-dicom/media/dicom_object.go:297.3,298.109 2 0
github.com/innovative-io/io-dicom/media/dicom_object.go:303.62,304.16 1 0
github.com/innovative-io/io-dicom/media/dicom_object.go:305.12,306.25 1 0
github.com/innovative-io/io-dicom/media/dicom_object.go:306.25,308.4 1 0
github.com/innovative-io/io-dicom/media/dicom_object.go:309.3,309.21 1 0
github.com/innovative-io/io-dicom/media/dicom_object.go:310.12,311.25 1 0
github.com/innovative-io/io-dicom/media/dicom_object.go:311.25,313.4 1 0
github.com/innovative-io/io-dicom/media/dicom_object.go:314.3,314.21 1 0
github.com/innovative-io/io-dicom/media/dicom_object.go:315.12,316.25 1 0
github.com/innovative-io/io-dicom/media/dicom_object.go:316.25,319.4 2 0
github.com/innovative-io/io-dicom/media/dicom_object.go:320.3,320.21 1 0
github.com/innovative-io/io-dicom/media/dicom_object.go:321.12,322.25 1 0
github.com/innovative-io/io-dicom/media/dicom_object.go:322.25,325.4 2 0
github.com/innovative-io/io-dicom/media/dicom_object.go:326.3,326.21 1 0
github.com/innovative-io/io-dicom/media/dicom_object.go:327.12,328.43 1 0
github.com/innovative-io/io-dicom/media/dicom_object.go:329.24,330.47 1 0
github.com/innovative-io/io-dicom/media/dicom_object.go:331.10,332.25 1 0
github.com/innovative-io/io-dicom/media/dicom_object.go:336.58,340.2 3 0
github.com/innovative-io/io-dicom/media/dicom_object.go:342.57,344.2 1 0
github.com/innovative-io/io-dicom/media/dicom_object.go:347.74,351.49 4 0
github.com/innovative-io/io-dicom/media/dicom_object.go:351.49,353.174 2 0
github.com/innovative-io/io-dicom/media/dicom_object.go:353.174,355.4 1 0
github.com/innovative-io/io-dicom/media/dicom_object.go:356.3,356.91 1 0
github.com/innovative-io/io-dicom/media/dicom_object.go:356.91,357.70 1 0
github.com/innovative-io/io-dicom/media/dicom_object.go:357.70,358.10 1 0
github.com/innovative-io/io-dicom/media/dicom_object.go:361.3,361.139 1 0
github.com/innovative-io/io-dicom/media/dicom_object.go:361.139,363.4 1 0
github.com/innovative-io/io-dicom/media/dicom_object.go:365.2,365.28 1 0
github.com/innovative-io/io-dicom/media/dicom_object.go:365.28,367.3 1 0
github.com/innovative-io/io-dicom/media/dicom_object.go:368.2,368.10 1 0
github.com/innovative-io/io-dicom/media/dicom_object.go:371.55,373.2 1 0
github.com/innovative-io/io-dicom/media/dicom_object.go:376.72,380.49 4 0
github.com/innovative-io/io-dicom/media/dicom_object.go:380.49,382.174 2 0
github.com/innovative-io/io-dicom/media/dicom_object.go:382.174,384.4 1 0
github.com/innovative-io/io-dicom/media/dicom_object.go:385.3,385.91 1 0
github.com/innovative-io/io-dicom/media/dicom_object.go:385.91,386.70 1 0
github.com/innovative-io/io-dicom/media/dicom_object.go:386.70,387.10 1 0
github.com/innovative-io/io-dicom/media/dicom_object.go:390.3,390.139 1 0
github.com/innovative-io/io-dicom/media/dicom_object.go:390.139,392.4 1 0
github.com/innovative-io/io-dicom/media/dicom_object.go:394.2,394.28 1 0
github.com/innovative-io/io-dicom/media/dicom_object.go:394.28,396.3 1 0
github.com/innovative-io/io-dicom/media/dicom_object.go:397.2,397.10 1 0
github.com/innovative-io/io-dicom/media/dicom_object.go:400.57,402.2 1 1
github.com/innovative-io/io-dicom/media/dicom_object.go:405.74,409.49 4 1
github.com/innovative-io/io-dicom/media/dicom_object.go:409.49,411.174 2 1
github.com/innovative-io/io-dicom/media/dicom_object.go:411.174,413.4 1 0
github.com/innovative-io/io-dicom/media/dicom_object.go:414.3,414.91 1 1
github.com/innovative-io/io-dicom/media/dicom_object.go:414.91,415.70 1 1
github.com/innovative-io/io-dicom/media/dicom_object.go:415.70,416.10 1 1
github.com/innovative-io/io-dicom/media/dicom_object.go:419.3,419.139 1 1
github.com/innovative-io/io-dicom/media/dicom_object.go:419.139,421.4 1 0
github.com/innovative-io/io-dicom/media/dicom_object.go:423.2,423.28 1 1
github.com/innovative-io/io-dicom/media/dicom_object.go:423.28,425.3 1 1
github.com/innovative-io/io-dicom/media/dicom_object.go:426.2,426.11 1 0
github.com/innovative-io/io-dicom/media/dicom_object.go:430.44,432.25 2 1
github.com/innovative-io/io-dicom/media/dicom_object.go:432.25,434.44 2 1
github.com/innovative-io/io-dicom/media/dicom_object.go:434.44,436.4 1 1
github.com/innovative-io/io-dicom/media/dicom_object.go:440.47,443.70 2 1
github.com/innovative-io/io-dicom/media/dicom_object.go:443.70,445.3 1 0
github.com/innovative-io/io-dicom/media/dicom_object.go:446.2,449.81 4 1
github.com/innovative-io/io-dicom/media/dicom_object.go:449.81,453.17 4 1
github.com/innovative-io/io-dicom/media/dicom_object.go:453.17,455.4 1 1
github.com/innovative-io/io-dicom/media/dicom_object.go:455.9,457.4 1 0
github.com/innovative-io/io-dicom/media/dicom_object.go:458.8,460.3 1 1
github.com/innovative-io/io-dicom/media/dicom_object.go:461.2,462.30 2 1
github.com/innovative-io/io-dicom/media/dicom_object.go:466.60,469.2 2 0
github.com/innovative-io/io-dicom/media/dicom_object.go:471.66,473.2 1 0
github.com/innovative-io/io-dicom/media/dicom_object.go:475.95,477.2 1 0
github.com/innovative-io/io-dicom/media/dicom_object.go:479.66,481.2 1 0
github.com/innovative-io/io-dicom/media/dicom_object.go:483.64,485.2 1 1
github.com/innovative-io/io-dicom/media/dicom_object.go:487.64,489.2 1 0
github.com/innovative-io/io-dicom/media/dicom_object.go:491.68,493.2 1 1
github.com/innovative-io/io-dicom/media/dicom_object.go:496.92,498.19 2 1
github.com/innovative-io/io-dicom/media/dicom_object.go:498.19,500.3 1 0
github.com/innovative-io/io-dicom/media/dicom_object.go:500.8,502.3 1 1
github.com/innovative-io/io-dicom/media/dicom_object.go:504.2,514.25 4 1
github.com/innovative-io/io-dicom/media/dicom_object.go:514.25,516.44 2 1
github.com/innovative-io/io-dicom/media/dicom_object.go:516.44,518.4 1 1
github.com/innovative-io/io-dicom/media/dicom_object.go:523.92,525.19 2 0
github.com/innovative-io/io-dicom/media/dicom_object.go:525.19,527.3 1 0
github.com/innovative-io/io-dicom/media/dicom_object.go:527.8,529.3 1 0
github.com/innovative-io/io-dicom/media/dicom_object.go:531.2,541.25 4 0
github.com/innovative-io/io-dicom/media/dicom_object.go:541.25,543.44 2 0
github.com/innovative-io/io-dicom/media/dicom_object.go:543.44,545.4 1 0
github.com/innovative-io/io-dicom/media/dicom_object.go:550.96,553.19 3 1
github.com/innovative-io/io-dicom/media/dicom_object.go:553.19,555.17 2 1
github.com/innovative-io/io-dicom/media/dicom_object.go:555.17,557.4 1 1
github.com/innovative-io/io-dicom/media/dicom_object.go:557.9,559.4 1 1
github.com/innovative-io/io-dicom/media/dicom_object.go:561.2,571.25 4 1
github.com/innovative-io/io-dicom/media/dicom_object.go:571.25,573.44 2 1
github.com/innovative-io/io-dicom/media/dicom_object.go:573.44,575.4 1 1
github.com/innovative-io/io-dicom/media/dicom_object.go:579.76,581.2 1 1
github.com/innovative-io/io-dicom/media/dicom_object.go:583.78,585.2 1 1
github.com/innovative-io/io-dicom/media/dicom_object.go:587.65,596.69 8 1
github.com/innovative-io/io-dicom/media/dicom_object.go:596.69,598.3 1 0
github.com/innovative-io/io-dicom/media/dicom_object.go:600.2,600.36 1 1
github.com/innovative-io/io-dicom/media/dicom_object.go:600.36,602.139 2 1
github.com/innovative-io/io-dicom/media/dicom_object.go:602.139,604.4 1 0
github.com/innovative-io/io-dicom/media/dicom_object.go:605.3,605.14 1 1
github.com/innovative-io/io-dicom/media/dicom_object.go:605.14,606.40 1 1
github.com/innovative-io/io-dicom/media/dicom_object.go:606.40,607.24 1 1
github.com/innovative-io/io-dicom/media/dicom_object.go:608.15,610.45 2 1
github.com/innovative-io/io-dicom/media/dicom_object.go:610.45,612.7 1 1
github.com/innovative-io/io-dicom/media/dicom_object.go:613.15,614.30 1 1
github.com/innovative-io/io-dicom/media/dicom_object.go:615.15,617.20 2 1
github.com/innovative-io/io-dicom/media/dicom_object.go:617.20,619.7 1 0
github.com/innovative-io/io-dicom/media/dicom_object.go:619.12,621.7 1 1
github.com/innovative-io/io-dicom/media/dicom_object.go:622.15,623.28 1 1
github.com/innovative-io/io-dicom/media/dicom_object.go:624.15,625.28 1 1
github.com/innovative-io/io-dicom/media/dicom_object.go:626.17,627.29 1 1
github.com/innovative-io/io-dicom/media/dicom_object.go:630.4,630.86 1 1
github.com/innovative-io/io-dicom/media/dicom_object.go:630.86,632.5 1 0
github.com/innovative-io/io-dicom/media/dicom_object.go:633.4,633.86 1 1
github.com/innovative-io/io-dicom/media/dicom_object.go:633.86,635.5 1 0
github.com/innovative-io/io-dicom/media/dicom_object.go:636.4,636.67 1 1
github.com/innovative-io/io-dicom/media/dicom_object.go:636.67,638.12 2 1
github.com/innovative-io/io-dicom/media/dicom_object.go:638.12,640.6 1 1
github.com/innovative-io/io-dicom/media/dicom_object.go:641.5,641.19 1 1
github.com/innovative-io/io-dicom/media/dicom_object.go:641.19,643.6 1 1
github.com/innovative-io/io-dicom/media/dicom_object.go:643.11,645.6 1 0
github.com/innovative-io/io-dicom/media/dicom_object.go:646.5,646.58 1 1
github.com/innovative-io/io-dicom/media/dicom_object.go:646.58,648.6 1 0
github.com/innovative-io/io-dicom/media/dicom_object.go:649.5,651.29 2 1
github.com/innovative-io/io-dicom/media/dicom_object.go:651.29,653.6 1 0
github.com/innovative-io/io-dicom/media/dicom_object.go:655.5,655.33 1 1
github.com/innovative-io/io-dicom/media/dicom_object.go:655.33,657.33 2 0
github.com/innovative-io/io-dicom/media/dicom_object.go:657.33,659.7 1 0
github.com/innovative-io/io-dicom/media/dicom_object.go:660.6,661.18 2 0
github.com/innovative-io/io-dicom/media/dicom_object.go:661.18,663.7 1 0
github.com/innovative-io/io-dicom/media/dicom_object.go:664.6,666.21 3 0
github.com/innovative-io/io-dicom/media/dicom_object.go:667.11,668.30 1 1
github.com/innovative-io/io-dicom/media/dicom_object.go:668.30,672.43 4 0
github.com/innovative-io/io-dicom/media/dicom_object.go:672.43,674.48 2 0
github.com/innovative-io/io-dicom/media/dicom_object.go:674.48,678.9 3 0
github.com/innovative-io/io-dicom/media/dicom_object.go:679.8,679.30 1 0
github.com/innovative-io/io-dicom/media/dicom_object.go:679.30,681.9 1 0
github.com/innovative-io/io-dicom/media/dicom_object.go:683.7,683.17 1 0
github.com/innovative-io/io-dicom/media/dicom_object.go:684.12,688.7 3 1
github.com/innovative-io/io-dicom/media/dicom_object.go:692.3,692.111 1 1
github.com/innovative-io/io-dicom/media/dicom_object.go:692.111,694.4 1 0
github.com/innovative-io/io-dicom/media/dicom_object.go:696.2,696.65 1 0
github.com/innovative-io/io-dicom/media/dicom_object.go:699.90,701.2 1 1
github.com/innovative-io/io-dicom/media/dicom_object.go:703.118,704.16 1 1
github.com/innovative-io/io-dicom/media/dicom_object.go:704.16,706.3 1 0
github.com/innovative-io/io-dicom/media/dicom_object.go:708.2,718.41 9 1
github.com/innovative-io/io-dicom/media/dicom_object.go:718.41,720.3 1 1
github.com/innovative-io/io-dicom/media/dicom_object.go:722.2,722.56 1 1
github.com/innovative-io/io-dicom/media/dicom_object.go:722.56,724.3 1 1
github.com/innovative-io/io-dicom/media/dicom_object.go:726.2,726.36 1 1
github.com/innovative-io/io-dicom/media/dicom_object.go:726.36,728.139 2 1
github.com/innovative-io/io-dicom/media/dicom_object.go:728.139,730.4 1 1
github.com/innovative-io/io-dicom/media/dicom_object.go:731.3,731.14 1 1
github.com/innovative-io/io-dicom/media/dicom_object.go:731.14,732.40 1 1
github.com/innovative-io/io-dicom/media/dicom_object.go:732.40,733.24 1 1
github.com/innovative-io/io-dicom/media/dicom_object.go:734.15,736.45 2 1
github.com/innovative-io/io-dicom/media/dicom_object.go:736.45,738.7 1 1
github.com/innovative-io/io-dicom/media/dicom_object.go:739.15,740.30 1 1
github.com/innovative-io/io-dicom/media/dicom_object.go:741.15,743.20 2 1
github.com/innovative-io/io-dicom/media/dicom_object.go:743.20,745.7 1 0
github.com/innovative-io/io-dicom/media/dicom_object.go:745.12,747.7 1 1
github.com/innovative-io/io-dicom/media/dicom_object.go:748.15,749.28 1 1
github.com/innovative-io/io-dicom/media/dicom_object.go:750.15,751.28 1 1
github.com/innovative-io/io-dicom/media/dicom_object.go:752.17,753.29 1 1
github.com/innovative-io/io-dicom/media/dicom_object.go:754.17,755.29 1 1
github.com/innovative-io/io-dicom/media/dicom_object.go:756.17,757.32 1 1
github.com/innovative-io/io-dicom/media/dicom_object.go:760.4,760.86 1 1
github.com/innovative-io/io-dicom/media/dicom_object.go:760.86,762.5 1 0
github.com/innovative-io/io-dicom/media/dicom_object.go:763.4,763.86 1 1
github.com/innovative-io/io-dicom/media/dicom_object.go:763.86,765.5 1 0
github.com/innovative-io/io-dicom/media/dicom_object.go:766.4,766.67 1 1
github.com/innovative-io/io-dicom/media/dicom_object.go:766.67,768.12 2 1
github.com/innovative-io/io-dicom/media/dicom_object.go:768.12,770.6 1 1
github.com/innovative-io/io-dicom/media/dicom_object.go:771.5,772.19 2 1
github.com/innovative-io/io-dicom/media/dicom_object.go:772.19,774.6 1 1
github.com/innovative-io/io-dicom/media/dicom_object.go:774.11,776.6 1 1
github.com/innovative-io/io-dicom/media/dicom_object.go:777.5,777.58 1 1
github.com/innovative-io/io-dicom/media/dicom_object.go:777.58,779.6 1 0
github.com/innovative-io/io-dicom/media/dicom_object.go:780.5,782.33 3 1
github.com/innovative-io/io-dicom/media/dicom_object.go:782.33,783.87 1 1
github.com/innovative-io/io-dicom/media/dicom_object.go:783.87,785.7 1 1
github.com/innovative-io/io-dicom/media/dicom_object.go:786.11,787.30 1 1
github.com/innovative-io/io-dicom/media/dicom_object.go:787.30,790.43 3 0
github.com/innovative-io/io-dicom/media/dicom_object.go:790.43,792.48 2 0
github.com/innovative-io/io-dicom/media/dicom_object.go:792.48,796.9 3 0
github.com/innovative-io/io-dicom/media/dicom_object.go:798.7,798.17 1 0
github.com/innovative-io/io-dicom/media/dicom_object.go:799.12,801.7 1 1
github.com/innovative-io/io-dicom/media/dicom_object.go:803.5,803.122 1 1
github.com/innovative-io/io-dicom/media/dicom_object.go:803.122,805.6 1 0
github.com/innovative-io/io-dicom/media/dicom_object.go:805.11,807.6 1 1
github.com/innovative-io/io-dicom/media/dicom_object.go:810.3,810.111 1 1
github.com/innovative-io/io-dicom/media/dicom_object.go:810.111,812.4 1 1
github.com/innovative-io/io-dicom/media/dicom_object.go:814.2,814.10 1 1
github.com/innovative-io/io-dicom/media/dicom_object.go:814.10,817.3 2 1
github.com/innovative-io/io-dicom/media/dicom_object.go:818.2,818.70 1 0
github.com/innovative-io/io-dicom/media/dicom_object.go:822.111,851.2 14 0
github.com/innovative-io/io-dicom/media/dicom_object.go:854.48,884.2 15 0
github.com/innovative-io/io-dicom/media/dicom_object.go:887.101,913.2 25 0
github.com/innovative-io/io-dicom/media/dicom_object.go:916.119,939.17 21 0
github.com/innovative-io/io-dicom/media/dicom_object.go:939.17,942.3 2 0
github.com/innovative-io/io-dicom/media/dicom_object.go:943.2,952.73 3 0
github.com/innovative-io/io-dicom/media/dicom_object.go:955.67,972.2 8 1
github.com/innovative-io/io-dicom/media/dicom_object.go:974.80,985.2 3 1
github.com/innovative-io/io-dicom/media/dicom_object.go:987.65,998.2 3 1
github.com/innovative-io/io-dicom/media/dicom_object.go:1000.206,1008.9 7 1
github.com/innovative-io/io-dicom/media/dicom_object.go:1008.9,1011.3 2 1
github.com/innovative-io/io-dicom/media/dicom_object.go:1013.2,1016.15 3 1
github.com/innovative-io/io-dicom/media/dicom_object.go:1017.56,1020.30 2 1
github.com/innovative-io/io-dicom/media/dicom_object.go:1020.30,1023.18 3 1
github.com/innovative-io/io-dicom/media/dicom_object.go:1023.18,1025.5 1 0
github.com/innovative-io/io-dicom/media/dicom_object.go:1026.4,1026.56 1 1
github.com/innovative-io/io-dicom/media/dicom_object.go:1028.3,1029.13 2 1
github.com/innovative-io/io-dicom/media/dicom_object.go:1030.73,1033.30 2 1
github.com/innovative-io/io-dicom/media/dicom_object.go:1033.30,1038.4 4 1
github.com/innovative-io/io-dicom/media/dicom_object.go:1039.3,1040.13 2 1
github.com/innovative-io/io-dicom/media/dicom_object.go:1041.38,1045.10 3 1
github.com/innovative-io/io-dicom/media/dicom_object.go:1045.10,1047.4 1 1
github.com/innovative-io/io-dicom/media/dicom_object.go:1049.3,1049.30 1 1
github.com/innovative-io/io-dicom/media/dicom_object.go:1049.30,1052.18 3 1
github.com/innovative-io/io-dicom/media/dicom_object.go:1052.18,1054.5 1 0
github.com/innovative-io/io-dicom/media/dicom_object.go:1055.4,1055.55 1 1
github.com/innovative-io/io-dicom/media/dicom_object.go:1057.3,1058.13 2 1
github.com/innovative-io/io-dicom/media/dicom_object.go:1059.42,1060.14 1 1
github.com/innovative-io/io-dicom/media/dicom_object.go:1061.39,1063.30 2 1
github.com/innovative-io/io-dicom/media/dicom_object.go:1063.30,1065.11 2 1
github.com/innovative-io/io-dicom/media/dicom_object.go:1065.11,1067.5 1 0
github.com/innovative-io/io-dicom/media/dicom_object.go:1068.4,1068.18 1 1
github.com/innovative-io/io-dicom/media/dicom_object.go:1068.18,1069.12 1 1
github.com/innovative-io/io-dicom/media/dicom_object.go:1069.12,1070.100 1 0
github.com/innovative-io/io-dicom/media/dicom_object.go:1070.100,1072.7 1 0
github.com/innovative-io/io-dicom/media/dicom_object.go:1073.11,1074.100 1 1
github.com/innovative-io/io-dicom/media/dicom_object.go:1074.100,1076.7 1 0
github.com/innovative-io/io-dicom/media/dicom_object.go:1078.10,1079.114 1 1
github.com/innovative-io/io-dicom/media/dicom_object.go:1079.114,1081.6 1 0
github.com/innovative-io/io-dicom/media/dicom_object.go:1083.4,1084.18 2 1
github.com/innovative-io/io-dicom/media/dicom_object.go:1086.3,1087.13 2 1
github.com/innovative-io/io-dicom/media/dicom_object.go:1088.43,1090.30 2 1
github.com/innovative-io/io-dicom/media/dicom_object.go:1090.30,1092.11 2 1
github.com/innovative-io/io-dicom/media/dicom_object.go:1092.11,1094.99 2 0
github.com/innovative-io/io-dicom/media/dicom_object.go:1094.99,1096.6 1 0
github.com/innovative-io/io-dicom/media/dicom_object.go:1097.10,1098.19 1 1
github.com/innovative-io/io-dicom/media/dicom_object.go:1098.19,1099.100 1 1
github.com/innovative-io/io-dicom/media/dicom_object.go:1099.100,1101.7 1 0
github.com/innovative-io/io-dicom/media/dicom_object.go:1102.11,1103.113 1 1
github.com/innovative-io/io-dicom/media/dicom_object.go:1103.113,1105.7 1 0
github.com/innovative-io/io-dicom/media/dicom_object.go:1108.4,1109.18 2 1
github.com/innovative-io/io-dicom/media/dicom_object.go:1111.3,1112.13 2 1
github.com/innovative-io/io-dicom/media/dicom_object.go:1113.44,1115.30 2 1
github.com/innovative-io/io-dicom/media/dicom_object.go:1115.30,1117.113 2 1
github.com/innovative-io/io-dicom/media/dicom_object.go:1117.113,1119.5 1 0
github.com/innovative-io/io-dicom/media/dicom_object.go:1120.4,1121.18 2 1
github.com/innovative-io/io-dicom/media/dicom_object.go:1123.3,1124.13 2 1
github.com/innovative-io/io-dicom/media/dicom_object.go:1125.41,1126.14 1 1
github.com/innovative-io/io-dicom/media/dicom_object.go:1127.45,1129.30 2 1
github.com/innovative-io/io-dicom/media/dicom_object.go:1129.30,1131.11 2 1
github.com/innovative-io/io-dicom/media/dicom_object.go:1131.11,1133.163 2 0
github.com/innovative-io/io-dicom/media/dicom_object.go:1133.163,1135.6 1 0
github.com/innovative-io/io-dicom/media/dicom_object.go:1136.10,1137.163 1 1
github.com/innovative-io/io-dicom/media/dicom_object.go:1137.163,1139.6 1 0
github.com/innovative-io/io-dicom/media/dicom_object.go:1141.4,1142.18 2 1
github.com/innovative-io/io-dicom/media/dicom_object.go:1144.3,1145.13 2 1
github.com/innovative-io/io-dicom/media/dicom_object.go:1146.43,1147.14 1 1
github.com/innovative-io/io-dicom/media/dicom_object.go:1148.45,1149.14 1 1
github.com/innovative-io/io-dicom/media/dicom_object.go:1150.40,1151.14 1 1
github.com/innovative-io/io-dicom/media/dicom_object.go:1152.44,1154.30 2 1
github.com/innovative-io/io-dicom/media/dicom_object.go:1154.30,1156.11 2 1
github.com/innovative-io/io-dicom/media/dicom_object.go:1156.11,1158.120 2 0
github.com/innovative-io/io-dicom/media/dicom_object.go:1158.120,1160.6 1 0
github.com/innovative-io/io-dicom/media/dicom_object.go:1161.10,1162.120 1 1
github.com/innovative-io/io-dicom/media/dicom_object.go:1162.120,1164.6 1 0
github.com/innovative-io/io-dicom/media/dicom_object.go:1166.4,1167.18 2 1
github.com/innovative-io/io-dicom/media/dicom_object.go:1169.3,1170.13 2 1
github.com/innovative-io/io-dicom/media/dicom_object.go:1171.35,1172.14 1 1
github.com/innovative-io/io-dicom/media/dicom_object.go:1173.37,1174.14 1 1
github.com/innovative-io/io-dicom/media/dicom_object.go:1175.32,1177.30 2 1
github.com/innovative-io/io-dicom/media/dicom_object.go:1177.30,1179.11 2 1
github.com/innovative-io/io-dicom/media/dicom_object.go:1179.11,1181.121 2 0
github.com/innovative-io/io-dicom/media/dicom_object.go:1181.121,1183.6 1 0
github.com/innovative-io/io-dicom/media/dicom_object.go:1184.10,1185.121 1 1
github.com/innovative-io/io-dicom/media/dicom_object.go:1185.121,1187.6 1 0
github.com/innovative-io/io-dicom/media/dicom_object.go:1189.4,1190.18 2 1
github.com/innovative-io/io-dicom/media/dicom_object.go:1192.3,1193.13 2 1
github.com/innovative-io/io-dicom/media/dicom_object.go:1194.41,1195.14 1 1
github.com/innovative-io/io-dicom/media/dicom_object.go:1196.50,1197.14 1 1
github.com/innovative-io/io-dicom/media/dicom_object.go:1198.33,1200.30 2 1
github.com/innovative-io/io-dicom/media/dicom_object.go:1200.30,1202.11 2 1
github.com/innovative-io/io-dicom/media/dicom_object.go:1202.11,1204.159 2 0
github.com/innovative-io/io-dicom/media/dicom_object.go:1204.159,1206.6 1 0
github.com/innovative-io/io-dicom/media/dicom_object.go:1207.10,1208.159 1 1
github.com/innovative-io/io-dicom/media/dicom_object.go:1208.159,1210.6 1 0
github.com/innovative-io/io-dicom/media/dicom_object.go:1212.4,1213.18 2 1
github.com/innovative-io/io-dicom/media/dicom_object.go:1215.3,1216.13 2 1
github.com/innovative-io/io-dicom/media/dicom_object.go:1217.46,1218.14 1 1
github.com/innovative-io/io-dicom/media/dicom_object.go:1219.53,1221.30 2 1
github.com/innovative-io/io-dicom/media/dicom_object.go:1221.30,1223.11 2 1
github.com/innovative-io/io-dicom/media/dicom_object.go:1223.11,1225.121 2 0
github.com/innovative-io/io-dicom/media/dicom_object.go:1225.121,1227.6 1 0
github.com/innovative-io/io-dicom/media/dicom_object.go:1228.10,1229.121 1 1
github.com/innovative-io/io-dicom/media/dicom_object.go:1229.121,1231.6 1 0
github.com/innovative-io/io-dicom/media/dicom_object.go:1233.4,1234.18 2 1
github.com/innovative-io/io-dicom/media/dicom_object.go:1236.3,1237.13 2 1
github.com/innovative-io/io-dicom/media/dicom_object.go:1238.36,1239.14 1 1
github.com/innovative-io/io-dicom/media/dicom_object.go:1240.37,1241.14 1 1
github.com/innovative-io/io-dicom/media/dicom_object.go:1242.36,1243.14 1 1
github.com/innovative-io/io-dicom/media/dicom_object.go:1244.37,1245.14 1 1
github.com/innovative-io/io-dicom/media/dicom_object.go:1246.36,1247.14 1 1
github.com/innovative-io/io-dicom/media/dicom_object.go:1248.37,1249.14 1 1
github.com/innovative-io/io-dicom/media/dicom_object.go:1250.38,1251.14 1 1
github.com/innovative-io/io-dicom/media/dicom_object.go:1252.39,1253.14 1 1
github.com/innovative-io/io-dicom/media/dicom_object.go:1254.38,1255.14 1 1
github.com/innovative-io/io-dicom/media/dicom_object.go:1256.39,1257.14 1 1
github.com/innovative-io/io-dicom/media/dicom_object.go:1258.38,1259.14 1 1
github.com/innovative-io/io-dicom/media/dicom_object.go:1260.39,1261.14 1 1
github.com/innovative-io/io-dicom/media/dicom_object.go:1262.42,1263.14 1 1
github.com/innovative-io/io-dicom/media/dicom_object.go:1264.43,1265.14 1 1
github.com/innovative-io/io-dicom/media/dicom_object.go:1266.35,1267.14 1 1
github.com/innovative-io/io-dicom/media/dicom_object.go:1268.37,1270.30 2 1
github.com/innovative-io/io-dicom/media/dicom_object.go:1270.30,1272.11 2 1
github.com/innovative-io/io-dicom/media/dicom_object.go:1272.11,1274.121 2 0
github.com/innovative-io/io-dicom/media/dicom_object.go:1274.121,1276.6 1 0
github.com/innovative-io/io-dicom/media/dicom_object.go:1277.10,1278.121 1 1
github.com/innovative-io/io-dicom/media/dicom_object.go:1278.121,1280.6 1 0
github.com/innovative-io/io-dicom/media/dicom_object.go:1282.4,1283.18 2 1
github.com/innovative-io/io-dicom/media/dicom_object.go:1285.3,1286.13 2 1
github.com/innovative-io/io-dicom/media/dicom_object.go:1287.74,1288.14 1 1
github.com/innovative-io/io-dicom/media/dicom_object.go:1289.73,1290.14 1 1
github.com/innovative-io/io-dicom/media/dicom_object.go:1291.55,1293.30 2 1
github.com/innovative-io/io-dicom/media/dicom_object.go:1293.30,1295.11 2 1
github.com/innovative-io/io-dicom/media/dicom_object.go:1295.11,1297.131 2 0
github.com/innovative-io/io-dicom/media/dicom_object.go:1297.131,1299.6 1 0
github.com/innovative-io/io-dicom/media/dicom_object.go:1300.10,1301.131 1 1
github.com/innovative-io/io-dicom/media/dicom_object.go:1301.131,1303.6 1 0
github.com/innovative-io/io-dicom/media/dicom_object.go:1305.4,1306.18 2 1
github.com/innovative-io/io-dicom/media/dicom_object.go:1308.3,1309.13 2 1
github.com/innovative-io/io-dicom/media/dicom_object.go:1310.10,1311.17 1 1
github.com/innovative-io/io-dicom/media/dicom_object.go:1311.17,1313.4 1 1
github.com/innovative-io/io-dicom/media/dicom_object.go:1313.9,1315.4 1 1
github.com/innovative-io/io-dicom/media/dicom_object.go:1316.3,1317.22 2 1
github.com/innovative-io/io-dicom/media/dicom_object.go:1317.22,1319.4 1 1
github.com/innovative-io/io-dicom/media/dicom_object.go:1320.3,1322.25 3 1
github.com/innovative-io/io-dicom/media/dicom_object.go:1324.2,1324.12 1 1
github.com/innovative-io/io-dicom/media/dicom_object.go:1327.141,1332.32 4 1
github.com/innovative-io/io-dicom/media/dicom_object.go:1333.56,1334.30 1 1
github.com/innovative-io/io-dicom/media/dicom_object.go:1334.30,1337.18 3 1
github.com/innovative-io/io-dicom/media/dicom_object.go:1337.18,1339.5 1 0
github.com/innovative-io/io-dicom/media/dicom_object.go:1340.4,1341.18 2 1
github.com/innovative-io/io-dicom/media/dicom_object.go:1341.18,1343.5 1 0
github.com/innovative-io/io-dicom/media/dicom_object.go:1344.4,1345.21 2 1
github.com/innovative-io/io-dicom/media/dicom_object.go:1347.3,1347.20 1 1
github.com/innovative-io/io-dicom/media/dicom_object.go:1348.73,1349.30 1 1
github.com/innovative-io/io-dicom/media/dicom_object.go:1349.30,1352.41 3 1
github.com/innovative-io/io-dicom/media/dicom_object.go:1352.41,1354.5 1 0
github.com/innovative-io/io-dicom/media/dicom_object.go:1355.4,1356.21 2 1
github.com/innovative-io/io-dicom/media/dicom_object.go:1358.3,1358.20 1 1
github.com/innovative-io/io-dicom/media/dicom_object.go:1359.38,1360.30 1 1
github.com/innovative-io/io-dicom/media/dicom_object.go:1360.30,1363.18 3 1
github.com/innovative-io/io-dicom/media/dicom_object.go:1363.18,1365.5 1 0
github.com/innovative-io/io-dicom/media/dicom_object.go:1366.4,1366.101 1 1
github.com/innovative-io/io-dicom/media/dicom_object.go:1366.101,1368.5 1 0
github.com/innovative-io/io-dicom/media/dicom_object.go:1369.4,1369.21 1 1
github.com/innovative-io/io-dicom/media/dicom_object.go:1371.3,1371.20 1 1
github.com/innovative-io/io-dicom/media/dicom_object.go:1372.42,1373.14 1 1
github.com/innovative-io/io-dicom/media/dicom_object.go:1374.39,1375.30 1 1
github.com/innovative-io/io-dicom/media/dicom_object.go:1375.30,1378.18 3 1
github.com/innovative-io/io-dicom/media/dicom_object.go:1378.18,1380.5 1 0
github.com/innovative-io/io-dicom/media/dicom_object.go:1381.4,1381.18 1 1
github.com/innovative-io/io-dicom/media/dicom_object.go:1381.18,1382.100 1 1
github.com/innovative-io/io-dicom/media/dicom_object.go:1382.100,1384.6 1 0
github.com/innovative-io/io-dicom/media/dicom_object.go:1385.10,1386.101 1 0
github.com/innovative-io/io-dicom/media/dicom_object.go:1386.101,1388.6 1 0
github.com/innovative-io/io-dicom/media/dicom_object.go:1390.4,1390.21 1 1
github.com/innovative-io/io-dicom/media/dicom_object.go:1392.3,1392.20 1 1
github.com/innovative-io/io-dicom/media/dicom_object.go:1393.43,1394.30 1 1
github.com/innovative-io/io-dicom/media/dicom_object.go:1394.30,1397.18 3 1
github.com/innovative-io/io-dicom/media/dicom_object.go:1397.18,1399.5 1 0
github.com/innovative-io/io-dicom/media/dicom_object.go:1400.4,1400.18 1 1
github.com/innovative-io/io-dicom/media/dicom_object.go:1400.18,1401.100 1 1
github.com/innovative-io/io-dicom/media/dicom_object.go:1401.100,1403.6 1 0
github.com/innovative-io/io-dicom/media/dicom_object.go:1404.10,1405.101 1 1
github.com/innovative-io/io-dicom/media/dicom_object.go:1405.101,1407.6 1 1
github.com/innovative-io/io-dicom/media/dicom_object.go:1409.4,1409.21 1 1
github.com/innovative-io/io-dicom/media/dicom_object.go:1411.3,1411.20 1 1
github.com/innovative-io/io-dicom/media/dicom_object.go:1412.44,1413.30 1 1
github.com/innovative-io/io-dicom/media/dicom_object.go:1413.30,1416.18 3 1
github.com/innovative-io/io-dicom/media/dicom_object.go:1416.18,1418.5 1 0
github.com/innovative-io/io-dicom/media/dicom_object.go:1419.4,1419.100 1 1
github.com/innovative-io/io-dicom/media/dicom_object.go:1419.100,1421.5 1 1
github.com/innovative-io/io-dicom/media/dicom_object.go:1422.4,1422.21 1 0
github.com/innovative-io/io-dicom/media/dicom_object.go:1424.3,1424.20 1 0
github.com/innovative-io/io-dicom/media/dicom_object.go:1425.41,1426.14 1 1
github.com/innovative-io/io-dicom/media/dicom_object.go:1427.45,1428.30 1 1
github.com/innovative-io/io-dicom/media/dicom_object.go:1428.30,1431.18 3 1
github.com/innovative-io/io-dicom/media/dicom_object.go:1431.18,1433.5 1 0
github.com/innovative-io/io-dicom/media/dicom_object.go:1434.4,1434.91 1 1
github.com/innovative-io/io-dicom/media/dicom_object.go:1434.91,1436.5 1 1
github.com/innovative-io/io-dicom/media/dicom_object.go:1437.4,1437.21 1 0
github.com/innovative-io/io-dicom/media/dicom_object.go:1439.3,1439.20 1 0
github.com/innovative-io/io-dicom/media/dicom_object.go:1440.43,1441.14 1 1
github.com/innovative-io/io-dicom/media/dicom_object.go:1442.45,1443.14 1 1
github.com/innovative-io/io-dicom/media/dicom_object.go:1444.40,1445.14 1 1
github.com/innovative-io/io-dicom/media/dicom_object.go:1446.44,1447.30 1 1
github.com/innovative-io/io-dicom/media/dicom_object.go:1447.30,1450.18 3 1
github.com/innovative-io/io-dicom/media/dicom_object.go:1450.18,1452.5 1 0
github.com/innovative-io/io-dicom/media/dicom_object.go:1453.4,1453.93 1 1
github.com/innovative-io/io-dicom/media/dicom_object.go:1453.93,1455.5 1 1
github.com/innovative-io/io-dicom/media/dicom_object.go:1456.4,1456.21 1 0
github.com/innovative-io/io-dicom/media/dicom_object.go:1458.3,1458.20 1 0
github.com/innovative-io/io-dicom/media/dicom_object.go:1459.35,1460.14 1 0
github.com/innovative-io/io-dicom/media/dicom_object.go:1461.37,1462.14 1 0
github.com/innovative-io/io-dicom/media/dicom_object.go:1463.32,1464.30 1 0
github.com/innovative-io/io-dicom/media/dicom_object.go:1464.30,1467.18 3 0
github.com/innovative-io/io-dicom/media/dicom_object.go:1467.18,1469.5 1 0
github.com/innovative-io/io-dicom/media/dicom_object.go:1470.4,1470.93 1 0
github.com/innovative-io/io-dicom/media/dicom_object.go:1470.93,1472.5 1 0
github.com/innovative-io/io-dicom/media/dicom_object.go:1473.4,1473.21 1 0
github.com/innovative-io/io-dicom/media/dicom_object.go:1475.3,1475.20 1 0
github.com/innovative-io/io-dicom/media/dicom_object.go:1476.41,1477.14 1 1
github.com/innovative-io/io-dicom/media/dicom_object.go:1478.50,1479.14 1 1
github.com/innovative-io/io-dicom/media/dicom_object.go:1480.33,1481.30 1 1
github.com/innovative-io/io-dicom/media/dicom_object.go:1481.30,1484.18 3 1
github.com/innovative-io/io-dicom/media/dicom_object.go:1484.18,1486.5 1 0
github.com/innovative-io/io-dicom/media/dicom_object.go:1487.4,1487.91 1 1
github.com/innovative-io/io-dicom/media/dicom_object.go:1487.91,1489.5 1 1
github.com/innovative-io/io-dicom/media/dicom_object.go:1490.4,1490.21 1 0
github.com/innovative-io/io-dicom/media/dicom_object.go:1492.3,1492.20 1 0
github.com/innovative-io/io-dicom/media/dicom_object.go:1493.46,1494.14 1 1
github.com/innovative-io/io-dicom/media/dicom_object.go:1495.53,1496.30 1 1
github.com/innovative-io/io-dicom/media/dicom_object.go:1496.30,1499.18 3 1
github.com/innovative-io/io-dicom/media/dicom_object.go:1499.18,1501.5 1 0
github.com/innovative-io/io-dicom/media/dicom_object.go:1502.4,1502.114 1 1
github.com/innovative-io/io-dicom/media/dicom_object.go:1502.114,1504.5 1 1
github.com/innovative-io/io-dicom/media/dicom_object.go:1505.4,1505.21 1 0
github.com/innovative-io/io-dicom/media/dicom_object.go:1507.3,1507.20 1 0
github.com/innovative-io/io-dicom/media/dicom_object.go:1508.36,1509.14 1 1
github.com/innovative-io/io-dicom/media/dicom_object.go:1510.37,1511.14 1 1
github.com/innovative-io/io-dicom/media/dicom_object.go:1512.36,1513.14 1 1
github.com/innovative-io/io-dicom/media/dicom_object.go:1514.37,1515.14 1 1
github.com/innovative-io/io-dicom/media/dicom_object.go:1516.36,1517.14 1 1
github.com/innovative-io/io-dicom/media/dicom_object.go:1518.37,1519.14 1 1
github.com/innovative-io/io-dicom/media/dicom_object.go:1520.38,1521.14 1 1
github.com/innovative-io/io-dicom/media/dicom_object.go:1522.39,1523.14 1 1
github.com/innovative-io/io-dicom/media/dicom_object.go:1524.38,1525.14 1 1
github.com/innovative-io/io-dicom/media/dicom_object.go:1526.39,1527.14 1 1
github.com/innovative-io/io-dicom/media/dicom_object.go:1528.38,1529.14 1 1
github.com/innovative-io/io-dicom/media/dicom_object.go:1530.39,1531.14 1 1
github.com/innovative-io/io-dicom/media/dicom_object.go:1532.42,1533.14 1 1
github.com/innovative-io/io-dicom/media/dicom_object.go:1534.43,1535.14 1 1
github.com/innovative-io/io-dicom/media/dicom_object.go:1536.35,1537.14 1 1
github.com/innovative-io/io-dicom/media/dicom_object.go:1538.37,1539.30 1 1
github.com/innovative-io/io-dicom/media/dicom_object.go:1539.30,1542.18 3 1
github.com/innovative-io/io-dicom/media/dicom_object.go:1542.18,1544.5 1 0
github.com/innovative-io/io-dicom/media/dicom_object.go:1545.4,1545.114 1 1
github.com/innovative-io/io-dicom/media/dicom_object.go:1545.114,1547.5 1 1
github.com/innovative-io/io-dicom/media/dicom_object.go:1548.4,1548.21 1 0
github.com/innovative-io/io-dicom/media/dicom_object.go:1550.3,1550.20 1 0
github.com/innovative-io/io-dicom/media/dicom_object.go:1551.74,1552.14 1 1
github.com/innovative-io/io-dicom/media/dicom_object.go:1553.73,1554.14 1 1
github.com/innovative-io/io-dicom/media/dicom_object.go:1555.55,1556.30 1 1
github.com/innovative-io/io-dicom/media/dicom_object.go:1556.30,1559.18 3 1
github.com/innovative-io/io-dicom/media/dicom_object.go:1559.18,1561.5 1 0
github.com/innovative-io/io-dicom/media/dicom_object.go:1562.4,1562.124 1 1
github.com/innovative-io/io-dicom/media/dicom_object.go:1562.124,1564.5 1 1
github.com/innovative-io/io-dicom/media/dicom_object.go:1565.4,1565.21 1 0
github.com/innovative-io/io-dicom/media/dicom_object.go:1567.3,1567.20 1 0
github.com/innovative-io/io-dicom/media/dicom_object.go:1569.2,1569.12 1 1
github.com/innovative-io/io-dicom/media/dicom_study.go:25.58,26.36 1 0
github.com/innovative-io/io-dicom/media/dicom_study.go:26.36,28.3 1 0
github.com/innovative-io/io-dicom/media/dicom_study.go:29.2,29.11 1 0
github.com/innovative-io/io-dicom/media/dicom_study.go:33.52,46.2 12 0
github.com/innovative-io/io-dicom/media/dicom_tag.go:24.41,25.21 1 1
github.com/innovative-io/io-dicom/media/dicom_tag.go:25.21,26.20 1 1
github.com/innovative-io/io-dicom/media/dicom_tag.go:26.20,28.4 1 0
github.com/innovative-io/io-dicom/media/dicom_tag.go:29.3,29.46 1 1
github.com/innovative-io/io-dicom/media/dicom_tag.go:31.2,31.10 1 0
github.com/innovative-io/io-dicom/media/dicom_tag.go:35.39,37.21 2 0
github.com/innovative-io/io-dicom/media/dicom_tag.go:37.21,38.20 1 0
github.com/innovative-io/io-dicom/media/dicom_tag.go:38.20,40.4 1 0
github.com/innovative-io/io-dicom/media/dicom_tag.go:40.9,42.4 1 0
github.com/innovative-io/io-dicom/media/dicom_tag.go:44.2,44.12 1 0
github.com/innovative-io/io-dicom/media/dicom_tag.go:48.41,50.13 2 1
github.com/innovative-io/io-dicom/media/dicom_tag.go:50.13,52.3 1 1
github.com/innovative-io/io-dicom/media/dicom_tag.go:53.2,53.48 1 1
github.com/innovative-io/io-dicom/media/dicom_tag.go:57.41,59.55 2 0
github.com/innovative-io/io-dicom/media/dicom_tag.go:59.55,61.3 1 0
github.com/innovative-io/io-dicom/media/dicom_tag.go:62.2,62.12 1 0
github.com/innovative-io/io-dicom/media/dicom_tag.go:66.78,76.25 6 0
github.com/innovative-io/io-dicom/media/dicom_tag.go:76.25,78.3 1 0
github.com/innovative-io/io-dicom/media/dicom_tag.go:78.8,80.3 1 0
github.com/innovative-io/io-dicom/media/dicom_tag.go:81.2,81.38 1 0
github.com/innovative-io/io-dicom/media/dicom_tag.go:81.38,84.3 2 0
github.com/innovative-io/io-dicom/media/dicom_tag.go:85.2,86.23 2 0
github.com/innovative-io/io-dicom/media/dicom_tag.go:86.23,89.3 2 0
github.com/innovative-io/io-dicom/media/dicom_tag.go:90.2,90.20 1 0
github.com/innovative-io/io-dicom/media/dicom_tag.go:90.20,94.3 3 0
github.com/innovative-io/io-dicom/media/dicom_tag.go:98.59,108.54 5 0
github.com/innovative-io/io-dicom/media/dicom_tag.go:108.54,110.17 2 0
github.com/innovative-io/io-dicom/media/dicom_tag.go:110.17,111.12 1 0
github.com/innovative-io/io-dicom/media/dicom_tag.go:114.3,114.18 1 0
github.com/innovative-io/io-dicom/media/dicom_tag.go:114.18,116.4 1 0
github.com/innovative-io/io-dicom/media/dicom_tag.go:117.3,117.19 1 0
github.com/innovative-io/io-dicom/media/dicom_tag.go:119.2,119.12 1 0
github.com/innovative-io/io-dicom/network/a_abort_rq.go:29.37,38.2 1 1
github.com/innovative-io/io-dicom/network/a_abort_rq.go:40.46,42.2 1 0
github.com/innovative-io/io-dicom/network/a_abort_rq.go:44.41,47.2 2 1
github.com/innovative-io/io-dicom/network/a_abort_rq.go:49.61,63.2 11 1
github.com/innovative-io/io-dicom/network/a_abort_rq.go:65.67,66.51 1 0
github.com/innovative-io/io-dicom/network/a_abort_rq.go:66.51,68.3 1 0
github.com/innovative-io/io-dicom/network/a_abort_rq.go:69.2,69.29 1 0
github.com/innovative-io/io-dicom/network/a_abort_rq.go:72.74,73.52 1 0
github.com/innovative-io/io-dicom/network/a_abort_rq.go:73.52,75.3 1 0
github.com/innovative-io/io-dicom/network/a_abort_rq.go:76.2,76.51 1 0
github.com/innovative-io/io-dicom/network/a_abort_rq.go:76.51,78.3 1 0
github.com/innovative-io/io-dicom/network/a_abort_rq.go:79.2,79.52 1 0
github.com/innovative-io/io-dicom/network/a_abort_rq.go:79.52,81.3 1 0
github.com/innovative-io/io-dicom/network/a_abort_rq.go:82.2,82.52 1 0
github.com/innovative-io/io-dicom/network/a_abort_rq.go:82.52,84.3 1 0
github.com/innovative-io/io-dicom/network/a_abort_rq.go:85.2,85.49 1 0
github.com/innovative-io/io-dicom/network/a_abort_rq.go:85.49,87.3 1 0
github.com/innovative-io/io-dicom/network/a_abort_rq.go:88.2,88.49 1 0
github.com/innovative-io/io-dicom/network/a_abort_rq.go:88.49,90.3 1 0
github.com/innovative-io/io-dicom/network/a_abort_rq.go:91.2,91.8 1 0
github.com/innovative-io/io-dicom/network/a_association_ac.go:49.47,64.2 1 1
github.com/innovative-io/io-dicom/network/a_association_ac.go:66.56,68.2 1 0
github.com/innovative-io/io-dicom/network/a_association_ac.go:70.63,72.2 1 0
github.com/innovative-io/io-dicom/network/a_association_ac.go:74.54,76.2 1 1
github.com/innovative-io/io-dicom/network/a_association_ac.go:78.61,80.2 1 1
github.com/innovative-io/io-dicom/network/a_association_ac.go:82.53,84.2 1 1
github.com/innovative-io/io-dicom/network/a_association_ac.go:86.60,88.2 1 1
github.com/innovative-io/io-dicom/network/a_association_ac.go:90.88,92.2 1 1
github.com/innovative-io/io-dicom/network/a_association_ac.go:94.84,96.2 1 1
github.com/innovative-io/io-dicom/network/a_association_ac.go:98.69,100.2 1 0
github.com/innovative-io/io-dicom/network/a_association_ac.go:102.77,104.2 1 0
github.com/innovative-io/io-dicom/network/a_association_ac.go:106.57,108.2 1 0
github.com/innovative-io/io-dicom/network/a_association_ac.go:110.63,112.2 1 0
github.com/innovative-io/io-dicom/network/a_association_ac.go:114.46,118.60 3 0
github.com/innovative-io/io-dicom/network/a_association_ac.go:118.60,120.3 1 0
github.com/innovative-io/io-dicom/network/a_association_ac.go:122.2,123.24 2 0
github.com/innovative-io/io-dicom/network/a_association_ac.go:126.66,146.36 17 0
github.com/innovative-io/io-dicom/network/a_association_ac.go:146.36,148.3 1 0
github.com/innovative-io/io-dicom/network/a_association_ac.go:150.2,150.50 1 0
github.com/innovative-io/io-dicom/network/a_association_ac.go:150.50,152.3 1 0
github.com/innovative-io/io-dicom/network/a_association_ac.go:153.2,153.60 1 0
github.com/innovative-io/io-dicom/network/a_association_ac.go:153.60,154.53 1 0
github.com/innovative-io/io-dicom/network/a_association_ac.go:154.53,156.4 1 0
github.com/innovative-io/io-dicom/network/a_association_ac.go:158.2,158.32 1 0
github.com/innovative-io/io-dicom/network/a_association_ac.go:161.72,162.51 1 0
github.com/innovative-io/io-dicom/network/a_association_ac.go:162.51,164.3 1 0
github.com/innovative-io/io-dicom/network/a_association_ac.go:165.2,165.29 1 0
github.com/innovative-io/io-dicom/network/a_association_ac.go:168.79,169.52 1 0
github.com/innovative-io/io-dicom/network/a_association_ac.go:169.52,171.3 1 0
github.com/innovative-io/io-dicom/network/a_association_ac.go:172.2,172.51 1 0
github.com/innovative-io/io-dicom/network/a_association_ac.go:172.51,174.3 1 0
github.com/innovative-io/io-dicom/network/a_association_ac.go:175.2,175.60 1 0
github.com/innovative-io/io-dicom/network/a_association_ac.go:175.60,177.3 1 0
github.com/innovative-io/io-dicom/network/a_association_ac.go:178.2,178.54 1 0
github.com/innovative-io/io-dicom/network/a_association_ac.go:178.54,180.3 1 0
github.com/innovative-io/io-dicom/network/a_association_ac.go:182.2,188.16 5 0
github.com/innovative-io/io-dicom/network/a_association_ac.go:188.16,190.17 2 0
github.com/innovative-io/io-dicom/network/a_association_ac.go:190.17,192.4 1 0
github.com/innovative-io/io-dicom/network/a_association_ac.go:194.3,194.19 1 0
github.com/innovative-io/io-dicom/network/a_association_ac.go:195.13,197.50 2 0
github.com/innovative-io/io-dicom/network/a_association_ac.go:198.13,202.80 4 0
github.com/innovative-io/io-dicom/network/a_association_ac.go:203.13,205.45 2 0
github.com/innovative-io/io-dicom/network/a_association_ac.go:206.11,208.87 2 0
github.com/innovative-io/io-dicom/network/a_association_ac.go:212.2,218.68 7 0
github.com/innovative-io/io-dicom/network/a_association_ac.go:218.68,222.3 2 0
github.com/innovative-io/io-dicom/network/a_association_ac.go:223.2,223.16 1 0
github.com/innovative-io/io-dicom/network/a_association_ac.go:223.16,225.3 1 0
github.com/innovative-io/io-dicom/network/a_association_ac.go:227.2,227.59 1 0
github.com/innovative-io/io-dicom/network/a_association_rj.go:45.47,54.2 1 1
github.com/innovative-io/io-dicom/network/a_association_rj.go:56.51,58.25 2 0
github.com/innovative-io/io-dicom/network/a_association_rj.go:58.25,60.3 1 0
github.com/innovative-io/io-dicom/network/a_association_rj.go:61.2,61.25 1 0
github.com/innovative-io/io-dicom/network/a_association_rj.go:61.25,63.3 1 0
github.com/innovative-io/io-dicom/network/a_association_rj.go:64.2,64.15 1 0
github.com/innovative-io/io-dicom/network/a_association_rj.go:67.46,70.2 2 0
github.com/innovative-io/io-dicom/network/a_association_rj.go:72.66,88.2 12 0
github.com/innovative-io/io-dicom/network/a_association_rj.go:90.62,93.2 2 0
github.com/innovative-io/io-dicom/network/a_association_rj.go:95.72,96.51 1 0
github.com/innovative-io/io-dicom/network/a_association_rj.go:96.51,98.3 1 0
github.com/innovative-io/io-dicom/network/a_association_rj.go:99.2,99.29 1 0
github.com/innovative-io/io-dicom/network/a_association_rj.go:102.79,103.52 1 0
github.com/innovative-io/io-dicom/network/a_association_rj.go:103.52,105.3 1 0
github.com/innovative-io/io-dicom/network/a_association_rj.go:106.2,106.51 1 0
github.com/innovative-io/io-dicom/network/a_association_rj.go:106.51,108.3 1 0
github.com/innovative-io/io-dicom/network/a_association_rj.go:109.2,109.52 1 0
github.com/innovative-io/io-dicom/network/a_association_rj.go:109.52,111.3 1 0
github.com/innovative-io/io-dicom/network/a_association_rj.go:112.2,112.49 1 0
github.com/innovative-io/io-dicom/network/a_association_rj.go:112.49,114.3 1 0
github.com/innovative-io/io-dicom/network/a_association_rj.go:115.2,115.49 1 0
github.com/innovative-io/io-dicom/network/a_association_rj.go:115.49,117.3 1 0
github.com/innovative-io/io-dicom/network/a_association_rj.go:118.2,118.49 1 0
github.com/innovative-io/io-dicom/network/a_association_rj.go:118.49,120.3 1 0
github.com/innovative-io/io-dicom/network/a_association_rj.go:121.2,121.8 1 0
github.com/innovative-io/io-dicom/network/a_association_rq.go:51.49,66.2 1 1
github.com/innovative-io/io-dicom/network/a_association_rq.go:68.57,70.2 1 0
github.com/innovative-io/io-dicom/network/a_association_rq.go:72.64,74.2 1 0
github.com/innovative-io/io-dicom/network/a_association_rq.go:76.55,78.2 1 1
github.com/innovative-io/io-dicom/network/a_association_rq.go:80.62,82.2 1 1
github.com/innovative-io/io-dicom/network/a_association_rq.go:84.54,86.2 1 1
github.com/innovative-io/io-dicom/network/a_association_rq.go:88.61,90.2 1 1
github.com/innovative-io/io-dicom/network/a_association_rq.go:92.73,94.2 1 0
github.com/innovative-io/io-dicom/network/a_association_rq.go:96.70,98.2 1 0
github.com/innovative-io/io-dicom/network/a_association_rq.go:100.78,102.2 1 0
github.com/innovative-io/io-dicom/network/a_association_rq.go:104.58,106.2 1 0
github.com/innovative-io/io-dicom/network/a_association_rq.go:108.64,110.2 1 0
github.com/innovative-io/io-dicom/network/a_association_rq.go:112.66,114.2 1 0
github.com/innovative-io/io-dicom/network/a_association_rq.go:116.71,118.2 1 0
github.com/innovative-io/io-dicom/network/a_association_rq.go:120.75,122.2 1 0
github.com/innovative-io/io-dicom/network/a_association_rq.go:124.47,128.48 3 0
github.com/innovative-io/io-dicom/network/a_association_rq.go:128.48,130.3 1 0
github.com/innovative-io/io-dicom/network/a_association_rq.go:132.2,133.24 2 0
github.com/innovative-io/io-dicom/network/a_association_rq.go:136.67,156.36 17 0
github.com/innovative-io/io-dicom/network/a_association_rq.go:156.36,158.3 1 0
github.com/innovative-io/io-dicom/network/a_association_rq.go:160.2,161.50 2 0
github.com/innovative-io/io-dicom/network/a_association_rq.go:161.50,163.3 1 0
github.com/innovative-io/io-dicom/network/a_association_rq.go:164.2,164.56 1 0
github.com/innovative-io/io-dicom/network/a_association_rq.go:164.56,167.65 3 0
github.com/innovative-io/io-dicom/network/a_association_rq.go:167.65,169.4 1 0
github.com/innovative-io/io-dicom/network/a_association_rq.go:170.3,170.47 1 0
github.com/innovative-io/io-dicom/network/a_association_rq.go:170.47,172.4 1 0
github.com/innovative-io/io-dicom/network/a_association_rq.go:174.2,174.32 1 0
github.com/innovative-io/io-dicom/network/a_association_rq.go:177.73,178.60 1 0
github.com/innovative-io/io-dicom/network/a_association_rq.go:178.60,180.3 1 0
github.com/innovative-io/io-dicom/network/a_association_rq.go:181.2,181.54 1 0
github.com/innovative-io/io-dicom/network/a_association_rq.go:181.54,183.3 1 0
github.com/innovative-io/io-dicom/network/a_association_rq.go:185.2,190.16 5 0
github.com/innovative-io/io-dicom/network/a_association_rq.go:190.16,192.17 2 0
github.com/innovative-io/io-dicom/network/a_association_rq.go:192.17,194.4 1 0
github.com/innovative-io/io-dicom/network/a_association_rq.go:196.3,196.19 1 0
github.com/innovative-io/io-dicom/network/a_association_rq.go:197.13,200.50 3 0
github.com/innovative-io/io-dicom/network/a_association_rq.go:201.13,205.62 4 0
github.com/innovative-io/io-dicom/network/a_association_rq.go:206.13,208.14 2 0
github.com/innovative-io/io-dicom/network/a_association_rq.go:209.11,211.14 2 0
github.com/innovative-io/io-dicom/network/a_association_rq.go:215.2,215.16 1 0
github.com/innovative-io/io-dicom/network/a_association_rq.go:215.16,217.3 1 0
github.com/innovative-io/io-dicom/network/a_association_rq.go:219.2,219.59 1 0
github.com/innovative-io/io-dicom/network/a_association_rq.go:222.90,224.2 1 0
github.com/innovative-io/io-dicom/network/a_release_rp.go:25.43,31.2 1 1
github.com/innovative-io/io-dicom/network/a_release_rp.go:33.44,36.2 2 1
github.com/innovative-io/io-dicom/network/a_release_rp.go:38.64,49.2 8 1
github.com/innovative-io/io-dicom/network/a_release_rp.go:51.70,52.51 1 0
github.com/innovative-io/io-dicom/network/a_release_rp.go:52.51,54.3 1 0
github.com/innovative-io/io-dicom/network/a_release_rp.go:55.2,55.29 1 0
github.com/innovative-io/io-dicom/network/a_release_rp.go:58.77,59.52 1 0
github.com/innovative-io/io-dicom/network/a_release_rp.go:59.52,61.3 1 0
github.com/innovative-io/io-dicom/network/a_release_rp.go:62.2,62.51 1 0
github.com/innovative-io/io-dicom/network/a_release_rp.go:62.51,64.3 1 0
github.com/innovative-io/io-dicom/network/a_release_rp.go:65.2,65.54 1 0
github.com/innovative-io/io-dicom/network/a_release_rp.go:65.54,67.3 1 0
github.com/innovative-io/io-dicom/network/a_release_rp.go:68.2,68.8 1 0
github.com/innovative-io/io-dicom/network/a_release_rq.go:25.41,31.2 1 1
github.com/innovative-io/io-dicom/network/a_release_rq.go:33.43,36.2 2 1
github.com/innovative-io/io-dicom/network/a_release_rq.go:38.63,49.2 8 1
github.com/innovative-io/io-dicom/network/a_release_rq.go:51.69,52.51 1 0
github.com/innovative-io/io-dicom/network/a_release_rq.go:52.51,54.3 1 0
github.com/innovative-io/io-dicom/network/a_release_rq.go:55.2,55.29 1 0
github.com/innovative-io/io-dicom/network/a_release_rq.go:58.76,59.52 1 1
github.com/innovative-io/io-dicom/network/a_release_rq.go:59.52,61.3 1 0
github.com/innovative-io/io-dicom/network/a_release_rq.go:62.2,62.51 1 1
github.com/innovative-io/io-dicom/network/a_release_rq.go:62.51,64.3 1 1
github.com/innovative-io/io-dicom/network/a_release_rq.go:65.2,65.54 1 0
github.com/innovative-io/io-dicom/network/a_release_rq.go:65.54,67.3 1 0
github.com/innovative-io/io-dicom/network/a_release_rq.go:68.2,68.8 1 0
github.com/innovative-io/io-dicom/network/ae_title.go:5.40,8.2 1 1
github.com/innovative-io/io-dicom/network/ae_title.go:10.51,11.21 1 1
github.com/innovative-io/io-dicom/network/ae_title.go:11.21,13.3 1 1
github.com/innovative-io/io-dicom/network/ae_title.go:14.2,14.23 1 1
github.com/innovative-io/io-dicom/network/async_operation_window.go:23.53,27.2 1 1
github.com/innovative-io/io-dicom/network/async_operation_window.go:29.75,31.2 1 0
github.com/innovative-io/io-dicom/network/async_operation_window.go:33.77,35.2 1 0
github.com/innovative-io/io-dicom/network/async_operation_window.go:37.50,39.2 1 0
github.com/innovative-io/io-dicom/network/async_operation_window.go:41.76,42.52 1 0
github.com/innovative-io/io-dicom/network/async_operation_window.go:42.52,44.3 1 0
github.com/innovative-io/io-dicom/network/async_operation_window.go:45.2,45.30 1 0
github.com/innovative-io/io-dicom/network/async_operation_window.go:48.83,49.53 1 0
github.com/innovative-io/io-dicom/network/async_operation_window.go:49.53,51.3 1 0
github.com/innovative-io/io-dicom/network/async_operation_window.go:52.2,52.52 1 0
github.com/innovative-io/io-dicom/network/async_operation_window.go:52.52,54.3 1 0
github.com/innovative-io/io-dicom/network/async_operation_window.go:55.2,55.72 1 0
github.com/innovative-io/io-dicom/network/async_operation_window.go:55.72,57.3 1 0
github.com/innovative-io/io-dicom/network/async_operation_window.go:58.2,58.74 1 0
github.com/innovative-io/io-dicom/network/async_operation_window.go:58.74,60.3 1 0
github.com/innovative-io/io-dicom/network/async_operation_window.go:61.2,61.8 1 0
github.com/innovative-io/io-dicom/network/dicom_uid_generator.go:9.18,11.2 1 0
github.com/innovative-io/io-dicom/network/dicom_uid_generator.go:14.19,17.2 2 1
github.com/innovative-io/io-dicom/network/dicom_uid_generator.go:20.22,23.2 2 0
github.com/innovative-io/io-dicom/network/dicom_uid_generator.go:27.22,28.6 1 0
github.com/innovative-io/io-dicom/network/dicom_uid_generator.go:28.6,31.20 3 0
github.com/innovative-io/io-dicom/network/dicom_uid_generator.go:31.20,33.4 1 0
github.com/innovative-io/io-dicom/network/dicom_uid_generator.go:33.9,35.4 1 0
github.com/innovative-io/io-dicom/network/dicom_uid_generator.go:36.3,36.53 1 0
github.com/innovative-io/io-dicom/network/dicom_uid_generator.go:36.53,38.4 1 0
github.com/innovative-io/io-dicom/network/dicom_uid_generator.go:44.25,45.6 1 0
github.com/innovative-io/io-dicom/network/dicom_uid_generator.go:45.6,48.20 3 0
github.com/innovative-io/io-dicom/network/dicom_uid_generator.go:48.20,50.4 1 0
github.com/innovative-io/io-dicom/network/dicom_uid_generator.go:50.9,52.4 1 0
github.com/innovative-io/io-dicom/network/dicom_uid_generator.go:53.3,53.53 1 0
github.com/innovative-io/io-dicom/network/dicom_uid_generator.go:53.53,55.4 1 0
github.com/innovative-io/io-dicom/network/maximum_sub_length.go:27.45,32.2 1 1
github.com/innovative-io/io-dicom/network/maximum_sub_length.go:34.58,36.2 1 0
github.com/innovative-io/io-dicom/network/maximum_sub_length.go:38.64,40.2 1 0
github.com/innovative-io/io-dicom/network/maximum_sub_length.go:42.46,44.2 1 0
github.com/innovative-io/io-dicom/network/maximum_sub_length.go:46.65,55.36 7 0
github.com/innovative-io/io-dicom/network/maximum_sub_length.go:55.36,57.3 1 0
github.com/innovative-io/io-dicom/network/maximum_sub_length.go:58.2,58.13 1 0
github.com/innovative-io/io-dicom/network/maximum_sub_length.go:61.72,62.52 1 0
github.com/innovative-io/io-dicom/network/maximum_sub_length.go:62.52,64.3 1 0
github.com/innovative-io/io-dicom/network/maximum_sub_length.go:65.2,65.30 1 0
github.com/innovative-io/io-dicom/network/maximum_sub_length.go:68.79,69.53 1 0
github.com/innovative-io/io-dicom/network/maximum_sub_length.go:69.53,71.3 1 0
github.com/innovative-io/io-dicom/network/maximum_sub_length.go:72.2,72.52 1 0
github.com/innovative-io/io-dicom/network/maximum_sub_length.go:72.52,74.3 1 0
github.com/innovative-io/io-dicom/network/maximum_sub_length.go:75.2,75.59 1 0
github.com/innovative-io/io-dicom/network/maximum_sub_length.go:75.59,77.3 1 0
github.com/innovative-io/io-dicom/network/maximum_sub_length.go:78.2,78.8 1 0
github.com/innovative-io/io-dicom/network/p_data_tf.go:25.84,26.20 1 0
github.com/innovative-io/io-dicom/network/p_data_tf.go:26.20,27.51 1 0
github.com/innovative-io/io-dicom/network/p_data_tf.go:27.51,29.4 1 0
github.com/innovative-io/io-dicom/network/p_data_tf.go:30.3,30.50 1 0
github.com/innovative-io/io-dicom/network/p_data_tf.go:30.50,32.4 1 0
github.com/innovative-io/io-dicom/network/p_data_tf.go:35.2,39.16 3 0
github.com/innovative-io/io-dicom/network/p_data_tf.go:39.16,40.54 1 0
github.com/innovative-io/io-dicom/network/p_data_tf.go:40.54,42.4 1 0
github.com/innovative-io/io-dicom/network/p_data_tf.go:43.3,43.67 1 0
github.com/innovative-io/io-dicom/network/p_data_tf.go:43.67,45.4 1 0
github.com/innovative-io/io-dicom/network/p_data_tf.go:46.3,46.55 1 0
github.com/innovative-io/io-dicom/network/p_data_tf.go:46.55,48.4 1 0
github.com/innovative-io/io-dicom/network/p_data_tf.go:50.3,57.32 6 0
github.com/innovative-io/io-dicom/network/p_data_tf.go:57.32,61.4 3 0
github.com/innovative-io/io-dicom/network/p_data_tf.go:64.2,64.31 1 0
github.com/innovative-io/io-dicom/network/p_data_tf.go:64.31,66.3 1 0
github.com/innovative-io/io-dicom/network/p_data_tf.go:68.2,69.12 2 0
github.com/innovative-io/io-dicom/network/p_data_tf.go:72.71,75.23 3 0
github.com/innovative-io/io-dicom/network/p_data_tf.go:75.23,77.3 1 0
github.com/innovative-io/io-dicom/network/p_data_tf.go:79.2,82.27 3 0
github.com/innovative-io/io-dicom/network/p_data_tf.go:82.27,83.44 1 0
github.com/innovative-io/io-dicom/network/p_data_tf.go:83.44,85.4 1 0
github.com/innovative-io/io-dicom/network/p_data_tf.go:86.3,86.45 1 0
github.com/innovative-io/io-dicom/network/p_data_tf.go:86.45,88.4 1 0
github.com/innovative-io/io-dicom/network/p_data_tf.go:88.9,90.4 1 0
github.com/innovative-io/io-dicom/network/p_data_tf.go:92.3,108.37 15 0
github.com/innovative-io/io-dicom/network/p_data_tf.go:108.37,110.4 1 0
github.com/innovative-io/io-dicom/network/p_data_tf.go:112.3,113.17 2 0
github.com/innovative-io/io-dicom/network/p_data_tf.go:113.17,115.4 1 0
github.com/innovative-io/io-dicom/network/p_data_tf.go:117.3,118.17 2 0
github.com/innovative-io/io-dicom/network/p_data_tf.go:118.17,120.4 1 0
github.com/innovative-io/io-dicom/network/p_data_tf.go:122.3,124.29 2 0
github.com/innovative-io/io-dicom/network/p_data_tf.go:124.29,126.4 1 0
github.com/innovative-io/io-dicom/network/p_data_tf.go:128.3,128.27 1 0
github.com/innovative-io/io-dicom/network/p_data_tf.go:130.2,131.12 2 0
github.com/innovative-io/io-dicom/network/pdu_service.go:64.33,74.2 1 1
github.com/innovative-io/io-dicom/network/pdu_service.go:80.54,82.2 1 0
github.com/innovative-io/io-dicom/network/pdu_service.go:84.50,86.2 1 0
github.com/innovative-io/io-dicom/network/pdu_service.go:88.36,89.21 1 1
github.com/innovative-io/io-dicom/network/pdu_service.go:89.21,92.3 2 1
github.com/innovative-io/io-dicom/network/pdu_service.go:93.2,93.22 1 1
github.com/innovative-io/io-dicom/network/pdu_service.go:96.70,103.38 2 1
github.com/innovative-io/io-dicom/network/pdu_service.go:103.38,104.32 1 1
github.com/innovative-io/io-dicom/network/pdu_service.go:104.32,105.34 1 1
github.com/innovative-io/io-dicom/network/pdu_service.go:105.34,107.5 1 1
github.com/innovative-io/io-dicom/network/pdu_service.go:111.2,111.31 1 1
github.com/innovative-io/io-dicom/network/pdu_service.go:111.31,112.68 1 1
github.com/innovative-io/io-dicom/network/pdu_service.go:112.68,114.4 1 0
github.com/innovative-io/io-dicom/network/pdu_service.go:117.2,117.18 1 1
github.com/innovative-io/io-dicom/network/pdu_service.go:120.92,127.38 2 1
github.com/innovative-io/io-dicom/network/pdu_service.go:127.38,128.36 1 1
github.com/innovative-io/io-dicom/network/pdu_service.go:128.36,129.80 1 1
github.com/innovative-io/io-dicom/network/pdu_service.go:129.80,131.5 1 1
github.com/innovative-io/io-dicom/network/pdu_service.go:135.2,135.35 1 0
github.com/innovative-io/io-dicom/network/pdu_service.go:135.35,136.31 1 0
github.com/innovative-io/io-dicom/network/pdu_service.go:136.31,138.4 1 0
github.com/innovative-io/io-dicom/network/pdu_service.go:141.2,141.17 1 0
github.com/innovative-io/io-dicom/network/pdu_service.go:144.84,145.55 1 0
github.com/innovative-io/io-dicom/network/pdu_service.go:145.55,146.45 1 0
github.com/innovative-io/io-dicom/network/pdu_service.go:146.45,148.4 1 0
github.com/innovative-io/io-dicom/network/pdu_service.go:150.2,150.12 1 0
github.com/innovative-io/io-dicom/network/pdu_service.go:153.48,155.2 1 0
github.com/innovative-io/io-dicom/network/pdu_service.go:157.62,162.16 4 0
github.com/innovative-io/io-dicom/network/pdu_service.go:162.16,164.3 1 0
github.com/innovative-io/io-dicom/network/pdu_service.go:166.2,167.21 2 0
github.com/innovative-io/io-dicom/network/pdu_service.go:167.21,169.3 1 0
github.com/innovative-io/io-dicom/network/pdu_service.go:171.2,181.57 6 0
github.com/innovative-io/io-dicom/network/pdu_service.go:181.57,183.3 1 0
github.com/innovative-io/io-dicom/network/pdu_service.go:185.2,187.49 2 0
github.com/innovative-io/io-dicom/network/pdu_service.go:187.49,189.3 1 0
github.com/innovative-io/io-dicom/network/pdu_service.go:191.2,192.16 2 0
github.com/innovative-io/io-dicom/network/pdu_service.go:192.16,194.3 1 0
github.com/innovative-io/io-dicom/network/pdu_service.go:196.2,196.43 1 0
github.com/innovative-io/io-dicom/network/pdu_service.go:196.43,198.3 1 0
github.com/innovative-io/io-dicom/network/pdu_service.go:200.2,200.57 1 0
github.com/innovative-io/io-dicom/network/pdu_service.go:200.57,202.3 1 0
github.com/innovative-io/io-dicom/network/pdu_service.go:204.2,204.18 1 0
github.com/innovative-io/io-dicom/network/pdu_service.go:205.33,206.39 1 0
github.com/innovative-io/io-dicom/network/pdu_service.go:206.39,208.4 1 0
github.com/innovative-io/io-dicom/network/pdu_service.go:209.3,211.36 3 0
github.com/innovative-io/io-dicom/network/pdu_service.go:211.36,213.4 1 0
github.com/innovative-io/io-dicom/network/pdu_service.go:214.3,214.13 1 0
github.com/innovative-io/io-dicom/network/pdu_service.go:215.33,216.39 1 0
github.com/innovative-io/io-dicom/network/pdu_service.go:216.39,218.4 1 0
github.com/innovative-io/io-dicom/network/pdu_service.go:219.3,221.96 3 0
github.com/innovative-io/io-dicom/network/pdu_service.go:222.39,223.39 1 0
github.com/innovative-io/io-dicom/network/pdu_service.go:223.39,225.4 1 0
github.com/innovative-io/io-dicom/network/pdu_service.go:226.3,228.95 3 0
github.com/innovative-io/io-dicom/network/pdu_service.go:229.10,230.80 1 0
github.com/innovative-io/io-dicom/network/pdu_service.go:234.32,235.27 1 1
github.com/innovative-io/io-dicom/network/pdu_service.go:235.27,237.3 1 1
github.com/innovative-io/io-dicom/network/pdu_service.go:239.2,239.60 1 1
github.com/innovative-io/io-dicom/network/pdu_service.go:239.60,244.3 4 0
github.com/innovative-io/io-dicom/network/pdu_service.go:246.2,246.21 1 1
github.com/innovative-io/io-dicom/network/pdu_service.go:246.21,248.3 1 1
github.com/innovative-io/io-dicom/network/pdu_service.go:250.2,251.57 2 1
github.com/innovative-io/io-dicom/network/pdu_service.go:251.57,254.3 2 1
github.com/innovative-io/io-dicom/network/pdu_service.go:254.8,256.58 2 1
github.com/innovative-io/io-dicom/network/pdu_service.go:256.58,258.4 1 0
github.com/innovative-io/io-dicom/network/pdu_service.go:261.2,261.17 1 1
github.com/innovative-io/io-dicom/network/pdu_service.go:264.73,265.29 1 1
github.com/innovative-io/io-dicom/network/pdu_service.go:265.29,267.3 1 0
github.com/innovative-io/io-dicom/network/pdu_service.go:267.8,269.3 1 1
github.com/innovative-io/io-dicom/network/pdu_service.go:271.2,272.27 2 1
github.com/innovative-io/io-dicom/network/pdu_service.go:272.27,275.30 3 0
github.com/innovative-io/io-dicom/network/pdu_service.go:275.30,276.35 1 0
github.com/innovative-io/io-dicom/network/pdu_service.go:276.35,279.5 2 0
github.com/innovative-io/io-dicom/network/pdu_service.go:280.4,280.19 1 0
github.com/innovative-io/io-dicom/network/pdu_service.go:284.2,284.6 1 1
github.com/innovative-io/io-dicom/network/pdu_service.go:284.6,287.62 2 1
github.com/innovative-io/io-dicom/network/pdu_service.go:287.62,289.4 1 0
github.com/innovative-io/io-dicom/network/pdu_service.go:291.3,293.50 2 1
github.com/innovative-io/io-dicom/network/pdu_service.go:293.50,295.4 1 0
github.com/innovative-io/io-dicom/network/pdu_service.go:297.3,297.40 1 1
github.com/innovative-io/io-dicom/network/pdu_service.go:297.40,299.4 1 0
github.com/innovative-io/io-dicom/network/pdu_service.go:301.3,301.58 1 1
github.com/innovative-io/io-dicom/network/pdu_service.go:301.58,303.4 1 0
github.com/innovative-io/io-dicom/network/pdu_service.go:305.3,305.22 1 1
github.com/innovative-io/io-dicom/network/pdu_service.go:306.36,307.40 1 0
github.com/innovative-io/io-dicom/network/pdu_service.go:307.40,309.5 1 0
github.com/innovative-io/io-dicom/network/pdu_service.go:310.4,310.51 1 0
github.com/innovative-io/io-dicom/network/pdu_service.go:310.51,312.5 1 0
github.com/innovative-io/io-dicom/network/pdu_service.go:313.4,313.69 1 0
github.com/innovative-io/io-dicom/network/pdu_service.go:313.69,315.5 1 0
github.com/innovative-io/io-dicom/network/pdu_service.go:316.4,316.19 1 0
github.com/innovative-io/io-dicom/network/pdu_service.go:317.34,318.40 1 0
github.com/innovative-io/io-dicom/network/pdu_service.go:318.40,320.5 1 0
github.com/innovative-io/io-dicom/network/pdu_service.go:321.4,321.19 1 0
github.com/innovative-io/io-dicom/network/pdu_service.go:322.32,323.40 1 0
github.com/innovative-io/io-dicom/network/pdu_service.go:323.40,325.5 1 0
github.com/innovative-io/io-dicom/network/pdu_service.go:326.4,327.56 2 0
github.com/innovative-io/io-dicom/network/pdu_service.go:327.56,329.5 1 0
github.com/innovative-io/io-dicom/network/pdu_service.go:330.4,330.31 1 0
github.com/innovative-io/io-dicom/network/pdu_service.go:330.31,332.36 2 0
github.com/innovative-io/io-dicom/network/pdu_service.go:332.36,335.6 2 0
github.com/innovative-io/io-dicom/network/pdu_service.go:336.5,336.20 1 0
github.com/innovative-io/io-dicom/network/pdu_service.go:338.42,342.38 4 1
github.com/innovative-io/io-dicom/network/pdu_service.go:343.43,345.38 2 0
github.com/innovative-io/io-dicom/network/pdu_service.go:346.40,348.37 2 1
github.com/innovative-io/io-dicom/network/pdu_service.go:349.11,351.65 2 0
github.com/innovative-io/io-dicom/network/pdu_service.go:356.63,358.2 1 0
github.com/innovative-io/io-dicom/network/pdu_service.go:360.45,362.2 1 0
github.com/innovative-io/io-dicom/network/pdu_service.go:364.46,366.2 1 0
github.com/innovative-io/io-dicom/network/pdu_service.go:368.53,370.2 1 0
github.com/innovative-io/io-dicom/network/pdu_service.go:372.55,374.2 1 0
github.com/innovative-io/io-dicom/network/pdu_service.go:376.81,378.2 1 0
github.com/innovative-io/io-dicom/network/pdu_service.go:380.56,382.2 1 1
github.com/innovative-io/io-dicom/network/pdu_service.go:384.89,386.2 1 0
github.com/innovative-io/io-dicom/network/pdu_service.go:388.74,389.29 1 0
github.com/innovative-io/io-dicom/network/pdu_service.go:389.29,391.3 1 0
github.com/innovative-io/io-dicom/network/pdu_service.go:391.8,393.3 1 0
github.com/innovative-io/io-dicom/network/pdu_service.go:395.2,395.77 1 0
github.com/innovative-io/io-dicom/network/pdu_service.go:395.77,399.3 3 0
github.com/innovative-io/io-dicom/network/pdu_service.go:401.2,401.42 1 0
github.com/innovative-io/io-dicom/network/pdu_service.go:401.42,403.3 1 0
github.com/innovative-io/io-dicom/network/pdu_service.go:405.2,405.31 1 0
github.com/innovative-io/io-dicom/network/pdu_service.go:405.31,407.3 1 0
github.com/innovative-io/io-dicom/network/pdu_service.go:409.2,410.90 2 0
github.com/innovative-io/io-dicom/network/pdu_service.go:410.90,412.3 1 0
github.com/innovative-io/io-dicom/network/pdu_service.go:415.2,417.21 2 0
github.com/innovative-io/io-dicom/network/pdu_service.go:417.21,420.3 2 0
github.com/innovative-io/io-dicom/network/pdu_service.go:422.2,422.40 1 0
github.com/innovative-io/io-dicom/network/pdu_service.go:425.54,428.72 2 1
github.com/innovative-io/io-dicom/network/pdu_service.go:428.72,429.41 1 1
github.com/innovative-io/io-dicom/network/pdu_service.go:429.41,431.4 1 1
github.com/innovative-io/io-dicom/network/pdu_service.go:434.2,434.107 1 1
github.com/innovative-io/io-dicom/network/pdu_service.go:434.107,437.3 2 1
github.com/innovative-io/io-dicom/network/pdu_service.go:439.2,439.14 1 0
github.com/innovative-io/io-dicom/network/pdu_service.go:442.75,443.79 1 0
github.com/innovative-io/io-dicom/network/pdu_service.go:443.79,447.3 3 0
github.com/innovative-io/io-dicom/network/pdu_service.go:449.2,462.68 12 0
github.com/innovative-io/io-dicom/network/pdu_service.go:462.68,467.65 4 0
github.com/innovative-io/io-dicom/network/pdu_service.go:467.65,470.29 3 0
github.com/innovative-io/io-dicom/network/pdu_service.go:470.29,472.5 1 0
github.com/innovative-io/io-dicom/network/pdu_service.go:473.4,473.97 1 0
github.com/innovative-io/io-dicom/network/pdu_service.go:476.3,479.88 4 0
github.com/innovative-io/io-dicom/network/pdu_service.go:479.88,483.4 3 0
github.com/innovative-io/io-dicom/network/pdu_service.go:483.9,483.56 1 0
github.com/innovative-io/io-dicom/network/pdu_service.go:483.56,485.4 1 0
github.com/innovative-io/io-dicom/network/pdu_service.go:485.9,487.4 1 0
github.com/innovative-io/io-dicom/network/pdu_service.go:489.3,490.54 2 0
github.com/innovative-io/io-dicom/network/pdu_service.go:493.2,493.47 1 0
github.com/innovative-io/io-dicom/network/pdu_service.go:493.47,503.3 8 0
github.com/innovative-io/io-dicom/network/pdu_service.go:505.2,506.30 2 0
github.com/innovative-io/io-dicom/network/pdu_service.go:509.68,512.2 2 0
github.com/innovative-io/io-dicom/network/pdu_service.go:514.70,516.22 2 0
github.com/innovative-io/io-dicom/network/pdu_service.go:516.22,519.3 2 0
github.com/innovative-io/io-dicom/network/pdu_service.go:520.2,522.61 3 0
github.com/innovative-io/io-dicom/network/pdu_service.go:522.61,524.3 1 0
github.com/innovative-io/io-dicom/network/pdu_service.go:525.2,526.45 2 0
github.com/innovative-io/io-dicom/network/pdu_service.go:529.40,530.23 1 0
github.com/innovative-io/io-dicom/network/pdu_service.go:530.23,532.3 1 0
github.com/innovative-io/io-dicom/network/pdu_service.go:533.2,533.63 1 0
github.com/innovative-io/io-dicom/network/presentation_context.go:37.51,42.2 1 0
github.com/innovative-io/io-dicom/network/presentation_context.go:44.64,46.2 1 0
github.com/innovative-io/io-dicom/network/presentation_context.go:48.66,50.2 1 0
github.com/innovative-io/io-dicom/network/presentation_context.go:52.60,54.2 1 0
github.com/innovative-io/io-dicom/network/presentation_context.go:56.76,61.2 4 0
github.com/innovative-io/io-dicom/network/presentation_context.go:63.76,66.2 2 0
github.com/innovative-io/io-dicom/network/presentation_context.go:68.64,70.2 1 0
github.com/innovative-io/io-dicom/network/presentation_context.go:72.46,74.47 2 0
github.com/innovative-io/io-dicom/network/presentation_context.go:74.47,76.3 1 0
github.com/innovative-io/io-dicom/network/presentation_context.go:77.2,77.22 1 0
github.com/innovative-io/io-dicom/network/presentation_context.go:80.66,92.36 11 0
github.com/innovative-io/io-dicom/network/presentation_context.go:92.36,94.3 1 0
github.com/innovative-io/io-dicom/network/presentation_context.go:95.2,95.47 1 0
github.com/innovative-io/io-dicom/network/presentation_context.go:95.47,97.3 1 0
github.com/innovative-io/io-dicom/network/presentation_context.go:98.2,98.47 1 0
github.com/innovative-io/io-dicom/network/presentation_context.go:98.47,99.50 1 0
github.com/innovative-io/io-dicom/network/presentation_context.go:99.50,101.4 1 0
github.com/innovative-io/io-dicom/network/presentation_context.go:103.2,103.12 1 0
github.com/innovative-io/io-dicom/network/presentation_context.go:106.72,107.49 1 0
github.com/innovative-io/io-dicom/network/presentation_context.go:107.49,109.3 1 0
github.com/innovative-io/io-dicom/network/presentation_context.go:110.2,110.27 1 0
github.com/innovative-io/io-dicom/network/presentation_context.go:113.79,114.50 1 0
github.com/innovative-io/io-dicom/network/presentation_context.go:114.50,116.3 1 0
github.com/innovative-io/io-dicom/network/presentation_context.go:117.2,117.49 1 0
github.com/innovative-io/io-dicom/network/presentation_context.go:117.49,119.3 1 0
github.com/innovative-io/io-dicom/network/presentation_context.go:120.2,120.62 1 0
github.com/innovative-io/io-dicom/network/presentation_context.go:120.62,122.3 1 0
github.com/innovative-io/io-dicom/network/presentation_context.go:123.2,123.50 1 0
github.com/innovative-io/io-dicom/network/presentation_context.go:123.50,125.3 1 0
github.com/innovative-io/io-dicom/network/presentation_context.go:126.2,126.50 1 0
github.com/innovative-io/io-dicom/network/presentation_context.go:126.50,128.3 1 0
github.com/innovative-io/io-dicom/network/presentation_context.go:129.2,129.50 1 0
github.com/innovative-io/io-dicom/network/presentation_context.go:129.50,131.3 1 0
github.com/innovative-io/io-dicom/network/presentation_context.go:132.2,132.46 1 0
github.com/innovative-io/io-dicom/network/presentation_context.go:132.46,134.3 1 0
github.com/innovative-io/io-dicom/network/presentation_context.go:136.2,137.25 2 0
github.com/innovative-io/io-dicom/network/presentation_context.go:137.25,141.35 4 0
github.com/innovative-io/io-dicom/network/presentation_context.go:141.35,143.4 1 0
github.com/innovative-io/io-dicom/network/presentation_context.go:146.2,146.25 1 0
github.com/innovative-io/io-dicom/network/presentation_context.go:146.25,148.3 1 0
github.com/innovative-io/io-dicom/network/presentation_context.go:150.2,150.66 1 0
github.com/innovative-io/io-dicom/network/presentation_context_accept.go:41.63,47.2 1 1
github.com/innovative-io/io-dicom/network/presentation_context_accept.go:49.70,51.2 1 1
github.com/innovative-io/io-dicom/network/presentation_context_accept.go:53.72,55.2 1 1
github.com/innovative-io/io-dicom/network/presentation_context_accept.go:57.55,59.2 1 1
github.com/innovative-io/io-dicom/network/presentation_context_accept.go:61.61,63.2 1 1
github.com/innovative-io/io-dicom/network/presentation_context_accept.go:65.61,67.2 1 1
github.com/innovative-io/io-dicom/network/presentation_context_accept.go:70.52,74.2 3 0
github.com/innovative-io/io-dicom/network/presentation_context_accept.go:76.66,78.2 1 0
github.com/innovative-io/io-dicom/network/presentation_context_accept.go:80.82,85.2 4 0
github.com/innovative-io/io-dicom/network/presentation_context_accept.go:87.82,92.2 4 1
github.com/innovative-io/io-dicom/network/presentation_context_accept.go:94.78,109.95 13 0
github.com/innovative-io/io-dicom/network/presentation_context_accept.go:109.95,111.3 1 0
github.com/innovative-io/io-dicom/network/presentation_context_accept.go:112.2,112.114 1 0
github.com/innovative-io/io-dicom/network/presentation_context_accept.go:112.114,114.3 1 0
github.com/innovative-io/io-dicom/network/presentation_context_accept.go:116.2,119.35 3 0
github.com/innovative-io/io-dicom/network/presentation_context_accept.go:119.35,121.3 1 0
github.com/innovative-io/io-dicom/network/presentation_context_accept.go:122.2,122.8 1 0
github.com/innovative-io/io-dicom/network/presentation_context_accept.go:125.78,126.49 1 0
github.com/innovative-io/io-dicom/network/presentation_context_accept.go:126.49,128.3 1 0
github.com/innovative-io/io-dicom/network/presentation_context_accept.go:129.2,129.27 1 0
github.com/innovative-io/io-dicom/network/presentation_context_accept.go:132.85,133.50 1 0
github.com/innovative-io/io-dicom/network/presentation_context_accept.go:133.50,135.3 1 0
github.com/innovative-io/io-dicom/network/presentation_context_accept.go:136.2,136.49 1 0
github.com/innovative-io/io-dicom/network/presentation_context_accept.go:136.49,138.3 1 0
github.com/innovative-io/io-dicom/network/presentation_context_accept.go:139.2,139.62 1 0
github.com/innovative-io/io-dicom/network/presentation_context_accept.go:139.62,141.3 1 0
github.com/innovative-io/io-dicom/network/presentation_context_accept.go:142.2,142.50 1 0
github.com/innovative-io/io-dicom/network/presentation_context_accept.go:142.50,144.3 1 0
github.com/innovative-io/io-dicom/network/presentation_context_accept.go:145.2,145.47 1 0
github.com/innovative-io/io-dicom/network/presentation_context_accept.go:145.47,147.3 1 0
github.com/innovative-io/io-dicom/network/presentation_context_accept.go:148.2,148.50 1 0
github.com/innovative-io/io-dicom/network/presentation_context_accept.go:148.50,150.3 1 0
github.com/innovative-io/io-dicom/network/presentation_context_accept.go:151.2,151.30 1 0
github.com/innovative-io/io-dicom/network/role_select.go:27.33,31.2 1 1
github.com/innovative-io/io-dicom/network/role_select.go:33.41,35.2 1 0
github.com/innovative-io/io-dicom/network/role_select.go:37.60,49.36 10 0
github.com/innovative-io/io-dicom/network/role_select.go:49.36,51.3 1 0
github.com/innovative-io/io-dicom/network/role_select.go:52.2,52.13 1 0
github.com/innovative-io/io-dicom/network/role_select.go:55.67,56.53 1 0
github.com/innovative-io/io-dicom/network/role_select.go:56.53,58.3 1 0
github.com/innovative-io/io-dicom/network/role_select.go:59.2,59.31 1 0
github.com/innovative-io/io-dicom/network/role_select.go:62.74,63.54 1 0
github.com/innovative-io/io-dicom/network/role_select.go:63.54,65.3 1 0
github.com/innovative-io/io-dicom/network/role_select.go:66.2,66.53 1 0
github.com/innovative-io/io-dicom/network/role_select.go:66.53,68.3 1 0
github.com/innovative-io/io-dicom/network/role_select.go:69.2,70.16 2 0
github.com/innovative-io/io-dicom/network/role_select.go:70.16,72.3 1 0
github.com/innovative-io/io-dicom/network/role_select.go:74.2,78.52 4 0
github.com/innovative-io/io-dicom/network/role_select.go:78.52,80.3 1 0
github.com/innovative-io/io-dicom/network/role_select.go:81.2,81.52 1 0
github.com/innovative-io/io-dicom/network/role_select.go:81.52,83.3 1 0
github.com/innovative-io/io-dicom/network/role_select.go:84.2,84.8 1 0
github.com/innovative-io/io-dicom/network/uid_item.go:32.52,38.2 1 1
github.com/innovative-io/io-dicom/network/uid_item.go:40.38,42.2 1 0
github.com/innovative-io/io-dicom/network/uid_item.go:44.38,46.2 1 0
github.com/innovative-io/io-dicom/network/uid_item.go:48.36,50.2 1 0
github.com/innovative-io/io-dicom/network/uid_item.go:52.34,54.2 1 0
github.com/innovative-io/io-dicom/network/uid_item.go:56.35,58.2 1 1
github.com/innovative-io/io-dicom/network/uid_item.go:60.45,62.2 1 1
github.com/innovative-io/io-dicom/network/uid_item.go:64.44,66.2 1 1
github.com/innovative-io/io-dicom/network/uid_item.go:68.42,70.2 1 1
github.com/innovative-io/io-dicom/network/uid_item.go:72.38,74.2 1 1
github.com/innovative-io/io-dicom/network/uid_item.go:76.53,86.2 7 0
github.com/innovative-io/io-dicom/network/uid_item.go:88.59,89.48 1 0
github.com/innovative-io/io-dicom/network/uid_item.go:89.48,91.3 1 0
github.com/innovative-io/io-dicom/network/uid_item.go:92.2,92.26 1 0
github.com/innovative-io/io-dicom/network/uid_item.go:95.66,96.49 1 0
github.com/innovative-io/io-dicom/network/uid_item.go:96.49,98.3 1 0
github.com/innovative-io/io-dicom/network/uid_item.go:99.2,99.48 1 0
github.com/innovative-io/io-dicom/network/uid_item.go:99.48,101.3 1 0
github.com/innovative-io/io-dicom/network/uid_item.go:103.2,107.8 4 0
github.com/innovative-io/io-dicom/network/user_information.go:41.43,54.2 1 1
github.com/innovative-io/io-dicom/network/user_information.go:56.47,58.2 1 0
github.com/innovative-io/io-dicom/network/user_information.go:60.48,62.2 1 0
github.com/innovative-io/io-dicom/network/user_information.go:64.63,66.2 1 0
github.com/innovative-io/io-dicom/network/user_information.go:68.75,70.2 1 0
github.com/innovative-io/io-dicom/network/user_information.go:72.69,74.2 1 0
github.com/innovative-io/io-dicom/network/user_information.go:76.42,81.2 4 0
github.com/innovative-io/io-dicom/network/user_information.go:83.61,85.2 1 0
github.com/innovative-io/io-dicom/network/user_information.go:87.67,92.2 4 0
github.com/innovative-io/io-dicom/network/user_information.go:94.63,96.2 1 0
github.com/innovative-io/io-dicom/network/user_information.go:98.70,103.2 4 0
github.com/innovative-io/io-dicom/network/user_information.go:105.68,114.35 7 0
github.com/innovative-io/io-dicom/network/user_information.go:114.35,116.3 1 0
github.com/innovative-io/io-dicom/network/user_information.go:118.2,122.8 4 0
github.com/innovative-io/io-dicom/network/user_information.go:125.68,126.49 1 0
github.com/innovative-io/io-dicom/network/user_information.go:126.49,128.3 1 0
github.com/innovative-io/io-dicom/network/user_information.go:129.2,129.27 1 0
github.com/innovative-io/io-dicom/network/user_information.go:132.75,133.50 1 0
github.com/innovative-io/io-dicom/network/user_information.go:133.50,135.3 1 0
github.com/innovative-io/io-dicom/network/user_information.go:136.2,136.49 1 0
github.com/innovative-io/io-dicom/network/user_information.go:136.49,138.3 1 0
github.com/innovative-io/io-dicom/network/user_information.go:140.2,141.16 2 0
github.com/innovative-io/io-dicom/network/user_information.go:141.16,143.17 2 0
github.com/innovative-io/io-dicom/network/user_information.go:143.17,145.4 1 0
github.com/innovative-io/io-dicom/network/user_information.go:147.3,147.19 1 0
github.com/innovative-io/io-dicom/network/user_information.go:148.13,150.47 2 0
github.com/innovative-io/io-dicom/network/user_information.go:151.13,153.46 2 0
github.com/innovative-io/io-dicom/network/user_information.go:154.13,156.48 2 0
github.com/innovative-io/io-dicom/network/user_information.go:157.13,160.54 3 0
github.com/innovative-io/io-dicom/network/user_information.go:161.13,163.48 2 0
github.com/innovative-io/io-dicom/network/user_information.go:164.11,167.92 3 0
github.com/innovative-io/io-dicom/network/user_information.go:171.2,171.16 1 0
github.com/innovative-io/io-dicom/network/user_information.go:171.16,173.3 1 0
github.com/innovative-io/io-dicom/network/user_information.go:175.2,175.59 1 0
github.com/innovative-io/io-dicom/transcoder/transcoder.go:15.44,16.20 1 1
github.com/innovative-io/io-dicom/transcoder/transcoder.go:16.20,18.3 1 0
github.com/innovative-io/io-dicom/transcoder/transcoder.go:20.2,21.29 2 1
github.com/innovative-io/io-dicom/transcoder/transcoder.go:21.29,23.16 2 1
github.com/innovative-io/io-dicom/transcoder/transcoder.go:23.16,25.4 1 0
github.com/innovative-io/io-dicom/transcoder/transcoder.go:26.3,28.11 3 1
github.com/innovative-io/io-dicom/transcoder/transcoder.go:30.2,30.12 1 1
github.com/innovative-io/io-dicom/transcoder/transcoder.go:33.115,35.21 2 1
github.com/innovative-io/io-dicom/transcoder/transcoder.go:35.21,37.3 1 0
github.com/innovative-io/io-dicom/transcoder/transcoder.go:39.2,39.47 1 1
github.com/innovative-io/io-dicom/transcoder/transcoder.go:39.47,41.3 1 0
github.com/innovative-io/io-dicom/transcoder/transcoder.go:43.2,43.50 1 1
github.com/innovative-io/io-dicom/transcoder/transcoder.go:43.50,45.3 1 0
github.com/innovative-io/io-dicom/transcoder/transcoder.go:47.2,49.28 3 1
github.com/innovative-io/io-dicom/transcoder/transcoder.go:49.28,51.3 1 0
github.com/innovative-io/io-dicom/transcoder/transcoder.go:53.2,54.36 2 1
github.com/innovative-io/io-dicom/transcoder/transcoder.go:54.36,56.3 1 0
github.com/innovative-io/io-dicom/transcoder/transcoder.go:58.2,59.59 2 1
github.com/innovative-io/io-dicom/transcoder/transcoder.go:59.59,60.68 1 1
github.com/innovative-io/io-dicom/transcoder/transcoder.go:60.68,62.48 2 1
github.com/innovative-io/io-dicom/transcoder/transcoder.go:62.48,65.5 2 1
github.com/innovative-io/io-dicom/transcoder/transcoder.go:66.4,66.46 1 1
github.com/innovative-io/io-dicom/transcoder/transcoder.go:70.2,71.38 2 1
github.com/innovative-io/io-dicom/transcoder/transcoder.go:71.38,73.3 1 1
github.com/innovative-io/io-dicom/transcoder/transcoder.go:75.2,78.42 4 1
github.com/innovative-io/io-dicom/transcoder/transcoder.go:78.42,81.3 2 1
github.com/innovative-io/io-dicom/transcoder/transcoder.go:83.2,86.38 4 1
github.com/innovative-io/io-dicom/transcoder/transcoder.go:86.38,88.3 1 1
github.com/innovative-io/io-dicom/transcoder/transcoder.go:89.2,90.42 2 1
github.com/innovative-io/io-dicom/transcoder/transcoder.go:90.42,92.3 1 1
github.com/innovative-io/io-dicom/transcoder/transcoder.go:94.2,94.17 1 1
github.com/innovative-io/io-dicom/transcoder/transcoder.go:97.46,100.40 3 1
github.com/innovative-io/io-dicom/transcoder/transcoder.go:100.40,103.3 2 0
github.com/innovative-io/io-dicom/transcoder/transcoder.go:104.2,104.35 1 1
github.com/innovative-io/io-dicom/transcoder/transcoder.go:104.35,106.3 1 0
github.com/innovative-io/io-dicom/transcoder/transcoder.go:107.2,107.25 1 1
github.com/innovative-io/io-dicom/transcoder/transcoder.go:110.64,112.16 2 1
github.com/innovative-io/io-dicom/transcoder/transcoder.go:112.16,114.3 1 0
github.com/innovative-io/io-dicom/transcoder/transcoder.go:115.2,118.16 3 1
github.com/innovative-io/io-dicom/transcoder/transcoder.go:118.16,120.3 1 0
github.com/innovative-io/io-dicom/transcoder/transcoder.go:121.2,121.51 1 1
github.com/innovative-io/io-dicom/transcoder/transcoder.go:121.51,123.3 1 1
github.com/innovative-io/io-dicom/transcoder/transcoder.go:124.2,124.17 1 1
github.com/innovative-io/io-dicom/transcoder/transcoder.go:127.45,128.17 1 1
github.com/innovative-io/io-dicom/transcoder/transcoder.go:128.17,130.3 1 0
github.com/innovative-io/io-dicom/transcoder/transcoder.go:131.2,131.48 1 1
github.com/innovative-io/io-dicom/transcoder/transcoder.go:134.126,138.51 3 1
github.com/innovative-io/io-dicom/transcoder/transcoder.go:138.51,139.72 1 1
github.com/innovative-io/io-dicom/transcoder/transcoder.go:139.72,141.4 1 0
github.com/innovative-io/io-dicom/transcoder/transcoder.go:143.3,146.10 3 1
github.com/innovative-io/io-dicom/transcoder/transcoder.go:147.19,149.79 2 1
github.com/innovative-io/io-dicom/transcoder/transcoder.go:149.79,151.5 1 0
github.com/innovative-io/io-dicom/transcoder/transcoder.go:152.4,152.40 1 1
github.com/innovative-io/io-dicom/transcoder/transcoder.go:152.40,154.5 1 0
github.com/innovative-io/io-dicom/transcoder/transcoder.go:155.4,157.20 3 1
github.com/innovative-io/io-dicom/transcoder/transcoder.go:158.22,159.72 1 0
github.com/innovative-io/io-dicom/transcoder/transcoder.go:159.72,161.5 1 0
github.com/innovative-io/io-dicom/transcoder/transcoder.go:162.4,163.40 2 0
github.com/innovative-io/io-dicom/transcoder/transcoder.go:163.40,165.5 1 0
github.com/innovative-io/io-dicom/transcoder/transcoder.go:166.4,168.37 3 0
github.com/innovative-io/io-dicom/transcoder/transcoder.go:168.37,170.5 1 0
github.com/innovative-io/io-dicom/transcoder/transcoder.go:171.4,171.20 1 0
github.com/innovative-io/io-dicom/transcoder/transcoder.go:172.11,172.11 0 0
github.com/innovative-io/io-dicom/transcoder/transcoder.go:177.2,177.12 1 1
github.com/innovative-io/io-dicom/transcoder/transcoder.go:180.32,181.12 1 0
github.com/innovative-io/io-dicom/transcoder/transcoder.go:181.12,183.3 1 0
github.com/innovative-io/io-dicom/transcoder/transcoder.go:184.2,184.14 1 0
github.com/innovative-io/io-dicom/transcoder/transcoder.go:184.14,186.3 1 0
github.com/innovative-io/io-dicom/transcoder/transcoder.go:187.2,187.37 1 0
github.com/innovative-io/io-dicom/transcoder/transcoder.go:190.90,191.85 1 1
github.com/innovative-io/io-dicom/transcoder/transcoder.go:191.85,193.3 1 0
github.com/innovative-io/io-dicom/transcoder/transcoder.go:195.2,196.16 2 1
github.com/innovative-io/io-dicom/transcoder/transcoder.go:196.16,198.3 1 0
github.com/innovative-io/io-dicom/transcoder/transcoder.go:199.2,199.56 1 1
github.com/innovative-io/io-dicom/transcoder/transcoder.go:199.56,201.3 1 0
github.com/innovative-io/io-dicom/transcoder/transcoder.go:202.2,202.28 1 1
github.com/innovative-io/io-dicom/transcoder/transcoder.go:202.28,204.3 1 0
github.com/innovative-io/io-dicom/transcoder/transcoder.go:206.2,207.46 2 1
github.com/innovative-io/io-dicom/transcoder/transcoder.go:207.46,209.17 2 1
github.com/innovative-io/io-dicom/transcoder/transcoder.go:209.17,211.4 1 0
github.com/innovative-io/io-dicom/transcoder/transcoder.go:212.3,212.25 1 1
github.com/innovative-io/io-dicom/transcoder/transcoder.go:214.2,219.44 4 1
github.com/innovative-io/io-dicom/transcoder/transcoder.go:219.44,220.75 1 1
github.com/innovative-io/io-dicom/transcoder/transcoder.go:220.75,222.4 1 1
github.com/innovative-io/io-dicom/transcoder/transcoder.go:223.3,224.101 2 1
github.com/innovative-io/io-dicom/transcoder/transcoder.go:224.101,226.4 1 0
github.com/innovative-io/io-dicom/transcoder/transcoder.go:229.2,230.9 2 1
github.com/innovative-io/io-dicom/transcoder/transcoder.go:231.63,232.49 1 1
github.com/innovative-io/io-dicom/transcoder/transcoder.go:232.49,235.4 2 1
github.com/innovative-io/io-dicom/transcoder/transcoder.go:236.63,237.25 1 1
github.com/innovative-io/io-dicom/transcoder/transcoder.go:238.51,239.49 1 0
github.com/innovative-io/io-dicom/transcoder/transcoder.go:239.49,246.4 6 0
github.com/innovative-io/io-dicom/transcoder/transcoder.go:247.46,248.49 1 1
github.com/innovative-io/io-dicom/transcoder/transcoder.go:248.49,252.4 3 1
github.com/innovative-io/io-dicom/transcoder/transcoder.go:253.10,254.51 1 1
github.com/innovative-io/io-dicom/transcoder/transcoder.go:257.2,257.12 1 1
github.com/innovative-io/io-dicom/uuids/uuids.go:10.33,14.2 3 1
github.com/innovative-io/io-dicom/uuids/uuids.go:16.88,21.19 4 1
github.com/innovative-io/io-dicom/uuids/uuids.go:21.19,23.3 1 0
github.com/innovative-io/io-dicom/uuids/uuids.go:24.2,24.12 1 1
github.com/innovative-io/io-dicom/uuids/uuids.go:27.83,30.2 2 1
github.com/innovative-io/io-dicom/uuids/uuids.go:32.66,34.2 1 1
github.com/innovative-io/io-dicom/services/scp.go:54.27,60.2 2 1
github.com/innovative-io/io-dicom/services/scp.go:62.48,65.16 3 1
github.com/innovative-io/io-dicom/services/scp.go:65.16,67.3 1 0
github.com/innovative-io/io-dicom/services/scp.go:70.2,70.12 1 1
github.com/innovative-io/io-dicom/services/scp.go:70.12,73.3 2 1
github.com/innovative-io/io-dicom/services/scp.go:75.2,75.6 1 1
github.com/innovative-io/io-dicom/services/scp.go:75.6,77.17 2 1
github.com/innovative-io/io-dicom/services/scp.go:77.17,78.37 1 1
github.com/innovative-io/io-dicom/services/scp.go:78.37,80.5 1 1
github.com/innovative-io/io-dicom/services/scp.go:81.4,82.14 2 0
github.com/innovative-io/io-dicom/services/scp.go:84.3,86.23 3 1
github.com/innovative-io/io-dicom/services/scp.go:86.23,89.4 2 1
github.com/innovative-io/io-dicom/services/scp.go:93.28,94.23 1 1
github.com/innovative-io/io-dicom/services/scp.go:94.23,96.3 1 0
github.com/innovative-io/io-dicom/services/scp.go:97.2,99.12 3 1
github.com/innovative-io/io-dicom/services/scp.go:102.47,115.25 8 1
github.com/innovative-io/io-dicom/services/scp.go:115.25,117.3 1 1
github.com/innovative-io/io-dicom/services/scp.go:119.2,121.6 2 1
github.com/innovative-io/io-dicom/services/scp.go:121.6,123.17 2 1
github.com/innovative-io/io-dicom/services/scp.go:123.17,124.105 1 1
github.com/innovative-io/io-dicom/services/scp.go:124.105,126.5 1 1
github.com/innovative-io/io-dicom/services/scp.go:127.4,127.10 1 1
github.com/innovative-io/io-dicom/services/scp.go:129.3,129.17 1 1
github.com/innovative-io/io-dicom/services/scp.go:129.17,130.12 1 1
github.com/innovative-io/io-dicom/services/scp.go:132.3,133.18 2 1
github.com/innovative-io/io-dicom/services/scp.go:134.35,136.18 2 1
github.com/innovative-io/io-dicom/services/scp.go:136.18,139.5 2 0
github.com/innovative-io/io-dicom/services/scp.go:141.4,145.27 4 1
github.com/innovative-io/io-dicom/services/scp.go:145.27,147.94 2 0
github.com/innovative-io/io-dicom/services/scp.go:147.94,150.6 2 0
github.com/innovative-io/io-dicom/services/scp.go:151.5,151.13 1 0
github.com/innovative-io/io-dicom/services/scp.go:154.4,155.65 2 1
github.com/innovative-io/io-dicom/services/scp.go:155.65,158.5 2 0
github.com/innovative-io/io-dicom/services/scp.go:160.34,162.18 2 1
github.com/innovative-io/io-dicom/services/scp.go:162.18,165.5 2 0
github.com/innovative-io/io-dicom/services/scp.go:167.4,171.26 4 1
github.com/innovative-io/io-dicom/services/scp.go:171.26,173.117 2 0
github.com/innovative-io/io-dicom/services/scp.go:173.117,176.6 2 0
github.com/innovative-io/io-dicom/services/scp.go:177.5,177.13 1 0
github.com/innovative-io/io-dicom/services/scp.go:180.4,183.35 3 1
github.com/innovative-io/io-dicom/services/scp.go:183.35,184.86 1 0
github.com/innovative-io/io-dicom/services/scp.go:184.86,187.6 2 0
github.com/innovative-io/io-dicom/services/scp.go:190.4,190.88 1 1
github.com/innovative-io/io-dicom/services/scp.go:190.88,193.5 2 0
github.com/innovative-io/io-dicom/services/scp.go:195.34,197.18 2 0
github.com/innovative-io/io-dicom/services/scp.go:197.18,200.5 2 0
github.com/innovative-io/io-dicom/services/scp.go:202.4,206.26 4 0
github.com/innovative-io/io-dicom/services/scp.go:206.26,208.99 2 0
github.com/innovative-io/io-dicom/services/scp.go:208.99,211.6 2 0
github.com/innovative-io/io-dicom/services/scp.go:212.5,212.13 1 0
github.com/innovative-io/io-dicom/services/scp.go:215.4,217.70 3 0
github.com/innovative-io/io-dicom/services/scp.go:217.70,220.5 2 0
github.com/innovative-io/io-dicom/services/scp.go:222.34,227.67 4 1
github.com/innovative-io/io-dicom/services/scp.go:227.67,229.13 2 0
github.com/innovative-io/io-dicom/services/scp.go:231.4,231.56 1 1
github.com/innovative-io/io-dicom/services/scp.go:231.56,234.5 2 0
github.com/innovative-io/io-dicom/services/scp.go:236.11,237.75 1 0
github.com/innovative-io/io-dicom/services/scp.go:242.85,246.2 3 1
github.com/innovative-io/io-dicom/services/scp.go:248.146,252.2 3 1
github.com/innovative-io/io-dicom/services/scp.go:254.123,258.2 3 0
github.com/innovative-io/io-dicom/services/scp.go:260.106,264.2 3 1
github.com/innovative-io/io-dicom/services/scp.go:266.79,270.2 3 0
github.com/innovative-io/io-dicom/services/scu.go:34.51,38.2 1 1
github.com/innovative-io/io-dicom/services/scu.go:40.42,42.95 2 1
github.com/innovative-io/io-dicom/services/scu.go:42.95,44.3 1 1
github.com/innovative-io/io-dicom/services/scu.go:45.2,46.48 2 1
github.com/innovative-io/io-dicom/services/scu.go:46.48,48.3 1 0
github.com/innovative-io/io-dicom/services/scu.go:49.2,49.32 1 1
github.com/innovative-io/io-dicom/services/scu.go:52.82,57.125 4 1
github.com/innovative-io/io-dicom/services/scu.go:57.125,59.3 1 0
github.com/innovative-io/io-dicom/services/scu.go:60.2,62.55 2 1
github.com/innovative-io/io-dicom/services/scu.go:62.55,64.3 1 0
github.com/innovative-io/io-dicom/services/scu.go:66.2,66.6 1 1
github.com/innovative-io/io-dicom/services/scu.go:66.6,69.17 3 1
github.com/innovative-io/io-dicom/services/scu.go:69.17,71.4 1 0
github.com/innovative-io/io-dicom/services/scu.go:72.3,72.81 1 1
github.com/innovative-io/io-dicom/services/scu.go:72.81,74.30 2 0
github.com/innovative-io/io-dicom/services/scu.go:74.30,76.5 1 0
github.com/innovative-io/io-dicom/services/scu.go:77.4,77.12 1 0
github.com/innovative-io/io-dicom/services/scu.go:80.3,80.8 1 1
github.com/innovative-io/io-dicom/services/scu.go:83.2,83.29 1 1
github.com/innovative-io/io-dicom/services/scu.go:86.93,90.125 3 0
github.com/innovative-io/io-dicom/services/scu.go:90.125,92.3 1 0
github.com/innovative-io/io-dicom/services/scu.go:93.2,95.64 2 0
github.com/innovative-io/io-dicom/services/scu.go:95.64,97.3 1 0
github.com/innovative-io/io-dicom/services/scu.go:99.2,99.6 1 0
github.com/innovative-io/io-dicom/services/scu.go:99.6,101.17 2 0
github.com/innovative-io/io-dicom/services/scu.go:101.17,103.4 1 0
github.com/innovative-io/io-dicom/services/scu.go:104.3,104.81 1 0
github.com/innovative-io/io-dicom/services/scu.go:104.81,105.30 1 0
github.com/innovative-io/io-dicom/services/scu.go:105.30,107.5 1 0
github.com/innovative-io/io-dicom/services/scu.go:108.4,108.12 1 0
github.com/innovative-io/io-dicom/services/scu.go:110.3,110.21 1 0
github.com/innovative-io/io-dicom/services/scu.go:114.60,116.16 2 1
github.com/innovative-io/io-dicom/services/scu.go:116.16,118.3 1 0
github.com/innovative-io/io-dicom/services/scu.go:120.2,121.23 2 1
github.com/innovative-io/io-dicom/services/scu.go:121.23,123.3 1 0
github.com/innovative-io/io-dicom/services/scu.go:125.2,126.108 2 1
github.com/innovative-io/io-dicom/services/scu.go:126.108,128.3 1 0
github.com/innovative-io/io-dicom/services/scu.go:129.2,131.49 2 1
github.com/innovative-io/io-dicom/services/scu.go:131.49,133.3 1 0
github.com/innovative-io/io-dicom/services/scu.go:135.2,136.16 2 1
github.com/innovative-io/io-dicom/services/scu.go:136.16,138.3 1 0
github.com/innovative-io/io-dicom/services/scu.go:139.2,139.35 1 1
github.com/innovative-io/io-dicom/services/scu.go:139.35,141.3 1 0
github.com/innovative-io/io-dicom/services/scu.go:142.2,142.12 1 1
github.com/innovative-io/io-dicom/services/scu.go:145.66,147.2 1 1
github.com/innovative-io/io-dicom/services/scu.go:149.66,151.2 1 0
github.com/innovative-io/io-dicom/services/scu.go:153.124,161.38 7 1
github.com/innovative-io/io-dicom/services/scu.go:161.38,163.3 1 1
github.com/innovative-io/io-dicom/services/scu.go:164.2,167.78 3 1
github.com/innovative-io/io-dicom/services/scu.go:170.81,172.15 2 1
github.com/innovative-io/io-dicom/services/scu.go:172.15,174.3 1 0
github.com/innovative-io/io-dicom/services/scu.go:176.2,177.23 2 1
github.com/innovative-io/io-dicom/services/scu.go:177.23,179.3 1 0
github.com/innovative-io/io-dicom/services/scu.go:182.2,182.51 1 1
github.com/innovative-io/io-dicom/services/scu.go:182.51,184.25 2 0
github.com/innovative-io/io-dicom/services/scu.go:185.50,187.27 2 0
github.com/innovative-io/io-dicom/services/scu.go:188.47,190.26 2 0
github.com/innovative-io/io-dicom/services/scu.go:191.11,193.27 2 0
github.com/innovative-io/io-dicom/services/scu.go:197.2,197.38 1 1
